Brand,Model,Car_Age,Mileage,Engine_Size,Fuel_Type,Transmission,Fuel_Efficiency,Previous_Owners,Resale_Value,Demand_Trend,Accident_History,Car_Condition_Score,Service_History
Honda,Hatchback,7,152985,3.3,Petrol,Automatic,8.9,3,47823.16,2,0,5.3,1
Ford,Sedan,21,127218,2.5,Hybrid,Manual,20.2,5,36870.95,5,1,1.2,0
Mercedes,Hatchback,22,165778,3.7,Hybrid,Automatic,9.6,3,10550.2,5,1,9.6,1
Toyota,SUV,7,32071,3.8,Electric,Automatic,18.5,4,34501.27,2,1,6.2,1
Toyota,Hatchback,9,91332,4.0,Electric,Manual,16.9,5,34611.8,5,0,9.4,1
Ford,SUV,14,24309,4.9,Hybrid,CVT,17.0,3,20149.67,5,1,3.1,1
Mercedes,Coupe,4,141225,1.3,Electric,Manual,16.2,4,10728.45,4,0,2.7,0
Nissan,SUV,14,198843,3.8,Hybrid,Manual,16.3,3,30809.95,2,1,3.2,0
Mercedes,Hatchback,1,198498,1.3,Diesel,Automatic,14.8,5,62025.65,5,0,1.1,1
Audi,Hatchback,9,48769,1.2,Diesel,Manual,11.0,5,34377.26,1,0,2.9,1
BMW,Coupe,6,28448,4.4,Diesel,Manual,21.3,1,27941.9,5,1,4.3,0
Chevrolet,SUV,20,28407,2.0,Electric,Automatic,16.6,5,52271.05,3,1,2.0,0
Mercedes,SUV,11,137751,1.4,Hybrid,CVT,18.0,5,23126.75,5,1,2.2,0
BMW,Sedan,1,182199,4.4,Petrol,CVT,17.6,3,46993.44,1,1,3.6,1
Chevrolet,Hatchback,18,137337,3.6,Electric,Manual,17.4,1,20338.58,2,1,6.7,0
Mercedes,Truck,24,110705,2.8,Diesel,Automatic,24.1,4,30201.58,2,1,1.1,1
Audi,Coupe,12,16464,3.5,Electric,CVT,22.7,5,51427.33,5,1,6.0,1
Toyota,Coupe,16,193705,4.0,Petrol,Automatic,9.5,5,14125.9,4,1,9.6,1
Audi,Sedan,19,171735,2.3,Diesel,Automatic,9.3,3,37174.74,2,0,2.6,0
Chevrolet,Coupe,4,120831,1.1,Petrol,Manual,14.8,4,53064.14,4,0,8.9,0
Nissan,SUV,22,176585,1.7,Petrol,Automatic,18.4,4,38216.08,4,1,7.8,1
Ford,Coupe,14,199953,2.2,Diesel,CVT,24.9,2,6465.17,4,0,8.0,1
Honda,Coupe,5,168418,4.7,Petrol,CVT,9.3,5,15875.05,5,0,5.0,1
Toyota,Sedan,17,126597,4.9,Electric,CVT,17.0,4,38084.93,1,0,9.8,0
Hyundai,SUV,22,155356,3.5,Diesel,CVT,15.5,5,36076.09,1,0,7.4,0
Nissan,Sedan,14,20769,3.2,Diesel,CVT,21.9,2,47687.36,5,0,9.2,1
Hyundai,Sedan,23,63981,1.2,Hybrid,CVT,17.6,4,16963.38,2,1,1.6,0
BMW,Truck,18,157099,3.4,Diesel,Automatic,10.6,2,6830.99,3,0,6.4,0
Ford,Convertible,17,131775,1.2,Electric,Manual,15.3,1,11472.77,1,0,7.1,0
Audi,Sedan,18,177093,4.3,Petrol,Manual,16.9,5,28912.43,3,0,8.3,0
Honda,Truck,5,70267,2.4,Diesel,Manual,12.5,5,11429.55,5,1,5.2,1
Chevrolet,Convertible,19,34529,2.6,Electric,Manual,10.1,1,49206.42,5,1,8.5,0
Nissan,Sedan,15,133070,1.3,Electric,Manual,15.0,3,43416.69,1,1,5.3,0
BMW,Hatchback,22,52815,4.3,Petrol,CVT,9.7,3,13852.15,4,0,2.2,0
Ford,Hatchback,12,99413,3.2,Electric,CVT,18.7,5,10905.02,3,1,6.3,0
Toyota,Truck,21,100836,1.1,Petrol,CVT,11.5,3,46040.98,1,0,4.8,0
Mercedes,Sedan,10,64063,1.5,Diesel,Automatic,22.2,3,7438.82,1,0,6.7,0
Honda,Sedan,11,33288,4.4,Electric,Manual,22.5,4,18189.71,1,1,1.8,1
Chevrolet,Convertible,18,49729,2.9,Diesel,Manual,12.2,5,24476.17,5,0,7.5,0
Mercedes,SUV,11,102151,4.5,Diesel,Manual,20.9,5,30791.79,1,0,3.0,0
Ford,Truck,6,32099,4.3,Electric,Manual,23.6,1,22244.63,4,1,8.1,0
BMW,Hatchback,12,35236,4.3,Hybrid,CVT,24.3,2,14643.99,1,1,1.5,1
Honda,Hatchback,0,82312,1.2,Hybrid,CVT,15.3,4,13541.06,1,1,5.2,1
Mercedes,Sedan,15,56116,4.9,Hybrid,CVT,24.5,5,15814.82,5,0,8.7,0
Chevrolet,Hatchback,12,173422,1.7,Electric,Manual,17.8,3,37600.85,1,1,7.0,1
BMW,Hatchback,20,44735,2.1,Hybrid,Manual,21.8,1,26992.19,1,1,7.0,1
Toyota,SUV,8,14639,4.3,Petrol,CVT,15.1,3,22293.08,1,1,7.6,0
Nissan,Coupe,4,123486,4.3,Petrol,Automatic,16.1,4,40825.5,5,0,7.9,0
Honda,Convertible,11,188616,3.5,Hybrid,CVT,11.9,5,54317.86,3,1,3.5,0
Ford,Convertible,15,138427,3.4,Diesel,CVT,16.3,3,24664.34,1,0,1.5,1
Honda,Convertible,11,188616,3.5,Hybrid,CVT,11.9,5,51073.87,3,0,4.0,1
Nissan,Coupe,16,192123,1.9,Petrol,CVT,25.0,5,42270.88,5,1,9.3,0
Chevrolet,Convertible,12,164254,4.0,Electric,Manual,18.9,1,17754.01,1,1,9.7,1
Hyundai,Hatchback,5,7364,4.0,Diesel,CVT,16.7,3,53645.0,4,1,6.1,1
Mercedes,SUV,23,39492,3.7,Diesel,CVT,15.1,1,62668.34,1,0,2.5,1
BMW,Convertible,4,182528,2.4,Petrol,CVT,15.7,2,33335.27,2,0,1.4,0
Honda,Sedan,19,72628,4.2,Electric,CVT,9.4,1,37369.96,1,0,3.9,1
Chevrolet,Coupe,4,120831,1.1,Petrol,Manual,14.8,4,33877.77,1,0,6.6,0
Honda,Convertible,8,156221,4.0,Petrol,CVT,12.5,3,10311.99,5,0,6.5,1
Hyundai,Sedan,6,45183,4.0,Hybrid,Automatic,12.8,4,33677.82,4,0,3.9,0
BMW,Coupe,7,157399,4.4,Petrol,CVT,11.0,3,51146.09,4,1,1.6,0
Nissan,SUV,14,198843,3.8,Hybrid,Manual,16.3,3,32948.84,5,0,8.5,0
BMW,Hatchback,16,73076,4.1,Petrol,Automatic,16.5,2,59958.07,3,0,8.0,0
Honda,Sedan,9,66125,2.4,Electric,Manual,18.9,1,38595.46,5,1,9.5,0
Ford,Sedan,3,119519,2.7,Hybrid,CVT,18.8,3,69486.53,2,0,9.7,0
Mercedes,SUV,20,177223,4.7,Diesel,CVT,20.1,2,42897.89,3,0,8.8,0
Honda,Hatchback,16,152142,2.9,Hybrid,Automatic,18.7,5,36019.93,2,0,9.5,1
Nissan,Convertible,11,74156,2.7,Diesel,Manual,16.0,4,8242.96,5,0,5.2,1
Nissan,Hatchback,23,28406,4.8,Electric,CVT,18.6,5,46732.1,3,1,3.5,1
Hyundai,SUV,14,113000,1.2,Petrol,Manual,13.8,3,57987.43,4,0,2.0,1
BMW,Hatchback,3,88920,3.6,Petrol,Automatic,10.4,4,21007.44,1,1,5.9,0
Audi,Hatchback,15,139878,2.6,Electric,Manual,22.2,5,46841.18,4,1,8.8,0
Ford,Sedan,1,150040,3.7,Electric,CVT,15.9,1,7200.27,1,1,3.6,0
Tesla,Sedan,18,110084,3.9,Electric,CVT,14.0,5,45961.92,1,1,3.6,0
Toyota,SUV,8,195575,4.6,Petrol,CVT,13.7,1,2845.27,3,0,3.7,1
Audi,Coupe,22,150352,2.3,Diesel,CVT,24.0,4,58556.31,5,1,2.6,0
Mercedes,Convertible,14,139332,5.0,Electric,Automatic,18.9,4,39275.48,5,0,5.2,0
Audi,Sedan,18,177093,4.3,Petrol,Manual,16.9,5,26657.0,1,0,9.4,1
Tesla,Sedan,18,180588,4.5,Diesel,Automatic,9.8,1,5458.53,2,1,7.8,0
Audi,Truck,22,160208,2.2,Diesel,CVT,16.9,4,44483.23,5,1,6.6,1
Tesla,Sedan,19,149168,3.1,Petrol,Manual,17.6,2,42765.19,4,0,3.9,0
Honda,Coupe,17,10685,3.4,Electric,CVT,25.0,2,3469.89,3,1,1.6,1
BMW,Hatchback,17,21615,2.6,Petrol,CVT,11.7,3,53277.74,5,1,8.8,1
Audi,Convertible,17,96159,3.9,Diesel,CVT,19.7,5,22811.83,5,1,1.4,1
BMW,Hatchback,23,39875,2.2,Hybrid,Automatic,19.7,4,60776.7,2,0,4.7,0
Audi,Sedan,15,67979,2.4,Diesel,Manual,11.1,1,32630.77,5,1,7.1,1
Nissan,Coupe,1,81447,3.0,Petrol,Automatic,22.3,3,19794.43,3,1,7.5,1
Honda,Truck,11,11617,2.2,Hybrid,Manual,21.1,2,20852.04,4,1,2.8,0
Toyota,Coupe,16,193705,4.0,Petrol,Automatic,9.5,5,18616.11,1,0,3.7,0
Mercedes,SUV,20,177223,4.7,Diesel,CVT,20.1,2,24089.2,1,0,6.0,1
Nissan,Truck,10,123060,2.4,Electric,CVT,15.8,1,42254.82,3,0,8.0,0
Tesla,Truck,7,29641,2.9,Electric,CVT,17.3,1,16493.51,4,0,2.2,1
Mercedes,SUV,17,99374,1.2,Electric,Automatic,18.4,2,41170.74,4,0,5.7,0
BMW,Hatchback,0,30074,1.4,Diesel,Automatic,8.3,2,14992.46,2,1,6.1,1
Toyota,SUV,2,175630,1.6,Diesel,Automatic,24.6,5,23223.49,4,0,7.7,1
BMW,Truck,13,175608,3.4,Hybrid,Automatic,8.3,3,35190.57,5,0,4.7,1
Chevrolet,Convertible,14,94269,2.3,Petrol,Automatic,18.0,1,31632.08,1,0,6.7,1
Toyota,Sedan,9,45230,4.4,Petrol,Automatic,11.5,2,23149.14,5,0,4.6,1
Chevrolet,SUV,3,88435,1.9,Diesel,Manual,21.4,1,9189.46,3,1,7.1,1
Honda,Sedan,14,121525,2.3,Petrol,Automatic,14.0,2,28197.02,5,0,5.4,1
Chevrolet,Hatchback,19,186761,1.9,Diesel,Manual,24.0,1,5026.33,4,1,2.1,1
Ford,SUV,9,181876,3.5,Diesel,Automatic,19.6,5,66995.36,4,0,7.9,0
Mercedes,SUV,0,109039,2.3,Diesel,Automatic,17.9,1,6388.65,4,1,7.1,1
Honda,Convertible,11,188616,3.5,Hybrid,CVT,11.9,5,56149.92,4,0,4.2,0
Ford,Convertible,5,132209,2.3,Diesel,CVT,13.1,3,5891.21,4,1,7.8,0
Mercedes,Coupe,23,118893,4.0,Petrol,Automatic,13.3,5,45569.87,1,0,3.7,0
Chevrolet,Hatchback,23,12510,2.7,Electric,Automatic,11.0,5,16780.23,2,1,9.9,1
Chevrolet,Hatchback,5,130483,1.7,Diesel,Manual,13.8,3,14203.35,5,0,3.3,0
Toyota,SUV,7,32071,3.8,Electric,Automatic,18.5,4,29042.16,1,1,5.5,0
Mercedes,Coupe,18,127397,2.5,Hybrid,Manual,18.9,4,41285.59,5,0,2.5,1
Nissan,Hatchback,2,49756,1.1,Diesel,CVT,11.1,4,52066.48,2,0,2.6,1
Ford,Truck,10,174183,3.7,Electric,Manual,23.6,1,10877.35,5,1,1.2,1
Chevrolet,Coupe,16,76138,3.1,Diesel,CVT,19.6,1,28505.71,2,1,9.8,0
Honda,SUV,0,189861,1.9,Hybrid,Automatic,10.4,4,47805.68,4,0,7.7,1
Chevrolet,Sedan,6,138786,3.1,Electric,Manual,18.0,5,5104.55,2,0,8.2,1
Ford,Truck,23,150283,1.7,Hybrid,CVT,22.5,1,53643.39,4,0,1.5,1
Chevrolet,Convertible,14,111755,3.0,Diesel,Automatic,10.1,4,16423.52,1,0,3.6,0
Tesla,Truck,8,149819,2.2,Electric,CVT,10.6,4,55111.44,1,0,7.8,0
Ford,Sedan,20,108607,4.1,Hybrid,Manual,17.5,4,42019.81,1,0,6.5,0
Tesla,Hatchback,0,64968,1.6,Hybrid,Manual,14.4,5,37075.0,1,1,3.3,0
Nissan,Hatchback,19,35750,2.2,Diesel,Manual,11.6,4,4443.17,4,1,9.8,1
Toyota,Hatchback,10,79472,1.1,Electric,Manual,13.2,5,40727.09,2,1,9.8,1
Chevrolet,Convertible,15,199476,2.2,Petrol,CVT,12.1,4,10114.22,4,0,7.1,0
Ford,Hatchback,0,22012,2.3,Petrol,Manual,21.0,2,35511.06,5,0,2.6,1
Audi,Coupe,24,196731,1.7,Hybrid,Manual,23.3,2,27111.76,5,1,5.9,0
Mercedes,Coupe,10,42154,3.7,Hybrid,CVT,20.5,4,21353.45,4,0,3.2,0
Toyota,Sedan,21,169973,1.6,Diesel,Manual,21.2,4,40773.8,2,1,4.4,0
Nissan,Sedan,8,103412,3.6,Hybrid,Automatic,10.0,3,37911.48,3,0,9.0,1
Ford,Hatchback,14,49386,4.0,Petrol,CVT,11.5,4,38695.74,4,0,6.0,1
BMW,Coupe,17,140683,4.6,Electric,CVT,13.2,5,29921.07,3,1,9.3,0
Chevrolet,SUV,9,194059,2.6,Petrol,Automatic,20.3,5,28481.28,3,1,2.7,1
Audi,Hatchback,18,52491,4.4,Hybrid,Automatic,10.9,3,51796.03,5,1,1.5,1
Nissan,Coupe,10,79278,3.7,Electric,Automatic,17.2,1,51871.95,5,0,4.1,0
Honda,Sedan,11,33288,4.4,Electric,Manual,22.5,4,28162.01,5,0,7.9,1
Honda,SUV,0,114155,2.1,Petrol,Manual,16.9,2,65254.65,4,1,7.8,1
BMW,Truck,6,88690,4.8,Hybrid,Manual,18.3,5,16124.98,4,0,6.6,0
Toyota,Sedan,17,126597,4.9,Electric,CVT,17.0,4,32387.19,3,0,6.7,1
Toyota,Truck,19,42924,2.5,Hybrid,Automatic,16.7,2,15751.76,4,0,3.8,0
Tesla,Sedan,21,7689,1.4,Diesel,CVT,20.5,5,46735.32,1,0,5.3,0
BMW,Convertible,1,14990,1.1,Electric,CVT,12.5,3,39067.96,4,1,3.0,1
Audi,Convertible,8,119185,3.0,Petrol,Automatic,18.4,5,44061.48,5,0,5.8,0
Ford,SUV,20,46780,5.0,Diesel,CVT,24.7,3,24124.93,4,0,10.0,0
Toyota,Hatchback,2,154885,4.5,Diesel,Automatic,11.2,4,7205.46,4,1,4.9,1
Chevrolet,Hatchback,8,58819,2.0,Electric,CVT,23.8,4,19994.4,3,1,1.8,1
Honda,Sedan,10,40918,1.9,Electric,Automatic,9.0,3,23684.4,3,1,7.9,1
Audi,Sedan,14,189843,3.5,Electric,Automatic,21.4,2,43449.05,5,1,6.5,1
BMW,SUV,16,77102,2.8,Diesel,Manual,23.0,2,36112.15,5,0,2.7,0
Nissan,Convertible,5,45340,3.7,Petrol,Manual,15.3,2,48379.62,4,1,9.1,0
Ford,Hatchback,6,150456,2.8,Hybrid,CVT,23.4,4,5120.95,5,1,2.3,1
Mercedes,Convertible,21,166529,3.5,Diesel,CVT,15.6,1,7376.87,1,1,8.2,1
Honda,Sedan,3,168615,1.7,Hybrid,CVT,15.6,5,41146.2,4,1,3.5,0
Honda,Hatchback,23,6089,3.8,Hybrid,Automatic,23.0,2,55496.74,3,0,2.3,1
Ford,Hatchback,14,49386,4.0,Petrol,CVT,11.5,4,30865.89,2,1,5.8,1
Mercedes,Convertible,17,84945,1.2,Hybrid,Automatic,16.8,3,70760.35,1,0,7.8,0
Hyundai,Convertible,8,174592,1.2,Petrol,Automatic,12.4,5,18251.63,1,0,4.8,1
Ford,Truck,23,148963,1.6,Petrol,Manual,23.7,2,14026.13,1,1,5.8,1
BMW,Coupe,9,164608,1.3,Electric,Automatic,20.4,3,37961.62,4,0,6.5,1
Toyota,Truck,8,142285,4.7,Petrol,Automatic,18.2,3,49036.75,4,0,2.4,1
Chevrolet,Truck,9,10811,4.8,Electric,CVT,8.5,4,22039.07,5,0,7.6,0
Nissan,Truck,11,130960,4.9,Petrol,Automatic,21.3,5,36143.37,3,0,7.2,0
Chevrolet,Coupe,24,185301,2.6,Diesel,Automatic,10.6,5,57097.48,1,1,6.1,1
Hyundai,Hatchback,23,189844,1.2,Petrol,Manual,17.0,1,57750.36,3,1,6.1,1
Mercedes,Hatchback,17,135327,4.7,Petrol,Automatic,10.1,3,10166.2,1,0,8.0,1
Tesla,Convertible,19,198227,2.0,Electric,Automatic,16.9,5,63959.73,5,1,6.9,0
Hyundai,Coupe,8,148434,1.8,Electric,CVT,23.7,1,52908.8,3,0,7.3,0
Mercedes,Coupe,17,194803,1.0,Hybrid,Automatic,16.4,2,13163.85,3,0,1.2,1
Chevrolet,Sedan,15,134715,2.0,Electric,Manual,9.3,1,9374.7,1,0,7.5,1
Hyundai,Sedan,2,14024,2.2,Diesel,Automatic,14.2,1,39003.54,1,1,3.9,0
Toyota,Coupe,16,193705,4.0,Petrol,Automatic,9.5,5,25037.87,1,1,2.7,1
Mercedes,SUV,9,86388,4.6,Petrol,CVT,10.4,5,13593.28,3,1,2.1,0
Hyundai,Sedan,12,14642,2.8,Petrol,Automatic,24.5,3,4107.09,5,0,6.7,0
Honda,Coupe,15,131102,2.3,Electric,Manual,11.5,2,8043.95,2,0,2.3,0
Nissan,Truck,2,108825,2.6,Diesel,CVT,11.0,4,60114.25,2,1,3.9,1
Toyota,Coupe,20,112635,1.2,Petrol,Automatic,24.0,2,26340.37,2,1,7.1,0
Tesla,Hatchback,11,156322,2.8,Hybrid,Automatic,15.4,4,17888.5,4,0,3.7,0
BMW,Hatchback,17,21615,2.6,Petrol,CVT,11.7,3,62659.11,1,0,3.5,0
Nissan,Hatchback,2,49756,1.1,Diesel,CVT,11.1,4,37418.9,2,1,8.8,1
Honda,Truck,24,78549,2.6,Petrol,Manual,23.9,5,40858.26,5,1,6.4,1
Chevrolet,SUV,0,164472,4.8,Petrol,Automatic,21.5,4,77588.0,4,0,6.0,1
Nissan,Hatchback,15,65493,3.6,Electric,Automatic,8.4,1,25243.64,2,0,3.7,1
Tesla,Convertible,15,32360,3.8,Hybrid,CVT,19.5,2,19495.17,5,0,3.3,0
Hyundai,Hatchback,23,189844,1.2,Petrol,Manual,17.0,1,59877.95,1,0,3.5,0
Honda,SUV,21,75342,4.8,Diesel,Automatic,23.4,5,6759.91,1,0,5.8,0
Chevrolet,Convertible,7,26231,1.4,Electric,CVT,13.4,4,28731.39,1,1,6.3,0
Hyundai,Convertible,2,17062,1.2,Diesel,Automatic,11.1,4,20992.72,5,1,5.7,0
BMW,SUV,17,35854,4.8,Diesel,Manual,18.1,2,9175.71,5,0,8.2,0
Audi,Coupe,8,157863,4.7,Electric,CVT,18.2,5,34268.74,3,1,3.8,1
Chevrolet,Sedan,11,61006,4.9,Diesel,Automatic,15.1,5,18231.28,1,0,7.5,1
Chevrolet,SUV,9,194059,2.6,Petrol,Automatic,20.3,5,17548.99,3,1,5.0,1
Nissan,SUV,20,120741,3.6,Diesel,Manual,17.7,4,29977.84,2,1,8.3,0
Toyota,Convertible,16,194562,2.5,Hybrid,Manual,19.9,5,4455.4,3,1,3.2,1
Tesla,Convertible,20,26115,4.3,Electric,Automatic,23.4,4,27900.28,2,1,1.9,1
Nissan,SUV,17,22373,4.7,Hybrid,Automatic,21.3,4,3165.96,2,1,4.8,0
Chevrolet,Coupe,23,186688,1.5,Electric,CVT,10.3,1,35008.93,2,0,6.4,1
Nissan,Truck,3,47624,2.3,Electric,Manual,23.1,1,37196.37,2,1,2.4,1
Tesla,Convertible,10,11065,3.0,Hybrid,Manual,20.8,4,40804.64,2,0,2.5,1
Audi,Hatchback,9,83815,1.3,Electric,Manual,12.1,3,21025.46,2,1,2.5,1
Nissan,Sedan,8,154839,2.0,Electric,Manual,21.7,2,4033.48,5,1,3.3,1
BMW,Hatchback,18,34369,1.4,Hybrid,Manual,21.6,2,13711.56,4,1,7.8,1
Ford,Sedan,10,161610,1.5,Petrol,CVT,15.2,2,16539.09,4,1,1.2,1
Tesla,Truck,2,122209,4.6,Electric,Automatic,8.8,4,4513.16,3,0,1.9,1
Ford,Convertible,3,69739,1.1,Diesel,Automatic,12.5,4,60087.1,1,1,4.1,0
Honda,Convertible,8,156221,4.0,Petrol,CVT,12.5,3,10645.4,4,1,3.7,1
Mercedes,Hatchback,17,135327,4.7,Petrol,Automatic,10.1,3,9195.5,1,1,2.7,1
Honda,Hatchback,23,6089,3.8,Hybrid,Automatic,23.0,2,44608.26,2,1,7.8,1
Tesla,Truck,8,149819,2.2,Electric,CVT,10.6,4,41610.82,4,1,6.1,0
Toyota,SUV,19,75596,2.9,Electric,CVT,21.6,3,50728.11,1,0,6.1,1
Toyota,Sedan,19,89133,1.1,Diesel,Automatic,8.4,4,39497.25,3,0,6.7,1
Tesla,Convertible,5,192072,1.3,Petrol,CVT,23.2,1,7791.77,5,1,8.4,0
Mercedes,SUV,0,128481,2.2,Hybrid,CVT,21.7,4,43858.22,4,1,1.7,0
Nissan,SUV,0,84087,1.0,Hybrid,Manual,17.0,3,29066.36,1,1,9.5,0
Toyota,Sedan,21,173205,2.2,Hybrid,CVT,18.2,4,10493.04,5,0,5.4,0
Honda,SUV,0,114155,2.1,Petrol,Manual,16.9,2,62080.78,3,1,2.2,1
Tesla,Sedan,21,22473,4.7,Hybrid,CVT,24.9,1,60596.33,3,0,9.5,1
Nissan,Truck,2,189088,3.1,Electric,CVT,19.1,3,10316.1,3,1,1.5,1
Nissan,Sedan,24,63592,2.7,Electric,CVT,18.7,3,71840.76,2,1,7.9,0
Mercedes,Coupe,4,79846,3.8,Electric,CVT,16.3,2,10893.15,3,0,6.3,1
Audi,SUV,4,151850,3.5,Hybrid,Manual,8.3,1,4905.28,2,1,4.7,1
Honda,Hatchback,0,82312,1.2,Hybrid,CVT,15.3,4,12292.06,4,0,5.0,1
Honda,Coupe,20,132876,3.6,Hybrid,Automatic,12.3,4,45048.52,3,1,5.3,0
Tesla,Convertible,19,198227,2.0,Electric,Automatic,16.9,5,52202.19,3,0,4.0,1
Tesla,Convertible,9,34925,1.4,Hybrid,Automatic,14.4,5,36201.3,3,1,3.1,0
Honda,Hatchback,5,45953,4.4,Diesel,Automatic,18.1,3,19626.02,1,0,3.8,1
Mercedes,Coupe,4,79846,3.8,Electric,CVT,16.3,2,6303.13,3,1,4.1,0
Mercedes,Convertible,17,84945,1.2,Hybrid,Automatic,16.8,3,62900.37,1,0,9.7,0
Chevrolet,Convertible,2,55813,1.4,Hybrid,Automatic,17.7,3,37377.63,5,1,1.7,1
Chevrolet,Hatchback,19,186761,1.9,Diesel,Manual,24.0,1,5185.69,2,1,6.1,1
Toyota,SUV,8,195575,4.6,Petrol,CVT,13.7,1,2987.94,2,0,5.2,0
Hyundai,Truck,0,99039,2.6,Hybrid,CVT,24.9,5,4628.94,5,0,7.6,1
Honda,Convertible,11,188616,3.5,Hybrid,CVT,11.9,5,43954.88,4,0,8.2,0
Mercedes,SUV,11,137751,1.4,Hybrid,CVT,18.0,5,25925.95,1,0,7.6,1
Audi,Truck,23,139271,1.7,Hybrid,CVT,9.4,5,51205.95,1,0,1.0,0
Chevrolet,Coupe,11,166509,1.2,Petrol,Manual,19.7,4,8566.23,4,0,7.4,0
Mercedes,Truck,12,140260,1.1,Diesel,Manual,17.3,1,23537.89,1,0,1.5,0
Mercedes,SUV,24,99365,3.9,Hybrid,Automatic,12.8,3,13103.81,5,0,7.9,0
Honda,Hatchback,23,6089,3.8,Hybrid,Automatic,23.0,2,43592.99,4,0,5.2,0
Nissan,Coupe,4,123486,4.3,Petrol,Automatic,16.1,4,53086.71,4,0,9.8,0
BMW,Hatchback,7,128059,3.4,Diesel,Automatic,12.8,1,30566.79,5,1,9.8,0
Mercedes,Truck,23,157192,4.0,Hybrid,Automatic,11.1,5,9710.15,4,0,2.7,0
Hyundai,Sedan,17,64591,4.2,Diesel,Manual,16.0,2,3272.25,5,0,8.2,0
BMW,SUV,24,77583,3.0,Electric,Automatic,15.1,3,36385.87,4,1,2.9,1
Honda,Convertible,11,188616,3.5,Hybrid,CVT,11.9,5,34198.43,2,1,1.2,0
Mercedes,SUV,11,110572,3.1,Petrol,Automatic,15.3,1,44519.68,1,1,1.7,1
Nissan,SUV,7,126937,4.4,Diesel,Manual,20.4,3,17265.5,4,0,3.7,0
Hyundai,SUV,5,194301,4.0,Hybrid,CVT,18.5,4,8028.48,1,1,5.6,0
Honda,Coupe,13,137777,4.1,Hybrid,Automatic,9.5,4,51876.6,5,1,8.5,0
Audi,Hatchback,21,29341,3.1,Diesel,Manual,22.5,2,17081.3,5,0,8.1,1
Chevrolet,SUV,9,56976,1.7,Electric,CVT,20.4,2,14725.39,1,1,5.6,0
Toyota,Sedan,21,127797,4.1,Petrol,Automatic,15.8,2,37636.36,2,0,8.4,1
Mercedes,Coupe,18,127397,2.5,Hybrid,Manual,18.9,4,29024.66,2,0,6.5,1
Toyota,Hatchback,16,60960,4.4,Petrol,Automatic,13.8,3,9911.25,4,1,1.3,1
Tesla,Coupe,24,194391,3.9,Electric,Manual,11.4,1,28250.47,4,1,2.0,0
Nissan,Coupe,16,152685,3.4,Electric,Automatic,17.1,1,17359.07,4,0,4.4,1
Chevrolet,Sedan,24,7399,2.9,Petrol,CVT,14.7,3,5701.91,4,0,7.1,1
BMW,Hatchback,7,128059,3.4,Diesel,Automatic,12.8,1,36446.7,2,1,2.8,0
Hyundai,Sedan,6,45183,4.0,Hybrid,Automatic,12.8,4,20490.17,3,0,8.8,0
Hyundai,Sedan,4,47272,4.5,Electric,Manual,21.1,2,42638.12,3,0,4.1,0
Hyundai,Sedan,2,14024,2.2,Diesel,Automatic,14.2,1,59319.6,5,1,7.4,0
Audi,Sedan,19,171735,2.3,Diesel,Automatic,9.3,3,44875.33,5,0,9.0,0
Tesla,Coupe,18,170664,1.2,Hybrid,Manual,11.3,5,31101.71,1,0,7.3,0
Ford,Coupe,8,185934,1.4,Electric,Automatic,22.6,1,11847.23,2,0,3.8,1
Ford,Convertible,12,143171,3.8,Electric,CVT,16.3,2,42198.75,4,0,3.6,0
Tesla,SUV,19,186699,3.8,Electric,Automatic,17.0,4,34191.6,4,1,4.1,0
Tesla,Sedan,7,84241,1.8,Diesel,Manual,21.0,4,2849.44,1,0,2.1,1
BMW,Convertible,1,14990,1.1,Electric,CVT,12.5,3,43977.16,1,0,2.0,0
Chevrolet,Truck,14,26543,3.9,Hybrid,Manual,22.5,4,11342.58,1,1,7.3,0
BMW,Truck,14,47093,4.5,Electric,CVT,23.5,5,49828.99,2,0,3.8,0
Mercedes,Sedan,17,54347,2.3,Diesel,CVT,24.5,4,54022.7,4,0,6.1,1
Hyundai,Hatchback,18,146282,3.8,Electric,Manual,18.3,2,34439.13,2,0,1.5,0
Mercedes,Convertible,14,190341,4.4,Electric,CVT,21.6,3,24169.29,5,1,3.3,1
Audi,SUV,11,111017,4.4,Petrol,Automatic,24.2,5,51192.22,4,1,5.6,0
BMW,Hatchback,18,34369,1.4,Hybrid,Manual,21.6,2,10629.9,3,1,3.4,1
Hyundai,SUV,9,19120,4.3,Electric,Manual,13.8,1,7044.12,5,1,2.3,0
BMW,SUV,5,30836,1.6,Petrol,CVT,13.2,1,2556.43,1,0,4.1,0
Mercedes,Sedan,22,149810,1.8,Petrol,Automatic,22.2,4,11483.93,1,0,9.8,0
BMW,Truck,18,157099,3.4,Diesel,Automatic,10.6,2,4852.54,4,0,9.3,0
Nissan,SUV,9,14085,2.1,Electric,Manual,14.7,4,17280.56,4,0,4.5,0
Mercedes,Sedan,17,54347,2.3,Diesel,CVT,24.5,4,45920.34,4,1,6.9,1
Tesla,Hatchback,11,156322,2.8,Hybrid,Automatic,15.4,4,23107.38,1,0,2.8,0
Toyota,Coupe,0,64750,4.7,Diesel,Manual,22.8,4,34137.86,1,1,5.0,1
Tesla,Truck,3,77095,4.0,Diesel,Manual,22.6,5,32838.19,3,0,2.1,0
Audi,Sedan,15,67979,2.4,Diesel,Manual,11.1,1,38168.66,3,0,10.0,1
Tesla,Sedan,21,22473,4.7,Hybrid,CVT,24.9,1,50916.97,4,1,9.3,1
Mercedes,Sedan,17,54347,2.3,Diesel,CVT,24.5,4,48307.67,4,0,2.4,1
Nissan,Truck,10,123060,2.4,Electric,CVT,15.8,1,40336.61,4,0,9.3,1
BMW,SUV,19,35960,4.9,Electric,CVT,18.4,3,4536.41,2,1,5.5,1
Tesla,SUV,15,107966,2.4,Hybrid,Manual,21.3,1,59218.16,1,0,3.4,0
Mercedes,SUV,17,99374,1.2,Electric,Automatic,18.4,2,47096.54,2,1,2.1,1
Toyota,Convertible,2,181494,1.7,Electric,CVT,18.4,2,27697.27,1,1,2.3,1
Honda,Hatchback,4,196772,2.4,Hybrid,Manual,24.6,4,45522.45,1,1,2.0,0
Toyota,Convertible,18,103330,2.6,Electric,Manual,12.8,2,9250.2,5,0,1.4,1
BMW,Hatchback,7,128059,3.4,Diesel,Automatic,12.8,1,35460.18,1,0,9.2,0
Mercedes,Truck,23,157192,4.0,Hybrid,Automatic,11.1,5,8823.6,3,0,6.8,1
Chevrolet,Truck,2,76384,4.3,Electric,Automatic,17.6,4,34285.73,3,0,3.6,1
BMW,Coupe,10,193636,2.2,Diesel,CVT,20.6,3,26172.2,3,0,6.9,0
Tesla,Coupe,9,106815,4.9,Electric,CVT,10.0,3,9824.85,3,0,5.1,0
Nissan,Hatchback,19,35750,2.2,Diesel,Manual,11.6,4,3922.32,1,1,3.9,1
Hyundai,Sedan,2,14024,2.2,Diesel,Automatic,14.2,1,47160.1,2,0,6.8,1
Honda,Sedan,14,121525,2.3,Petrol,Automatic,14.0,2,33933.39,2,0,6.6,1
Tesla,SUV,19,186699,3.8,Electric,Automatic,17.0,4,18572.14,2,0,2.3,1
Toyota,Sedan,21,127797,4.1,Petrol,Automatic,15.8,2,35389.22,2,1,6.1,1
Tesla,Coupe,3,156798,2.2,Petrol,Automatic,25.0,1,72278.36,3,1,9.6,1
Chevrolet,Truck,19,192013,4.8,Hybrid,CVT,13.8,2,40168.44,5,0,2.2,0
Tesla,SUV,0,168521,4.7,Diesel,CVT,17.5,1,3597.6,1,1,7.9,1
Toyota,Coupe,16,113553,2.0,Diesel,CVT,17.6,4,44055.2,1,0,7.8,1
Ford,Truck,1,172358,1.8,Electric,Manual,22.6,2,29368.33,5,1,2.8,1
Mercedes,Coupe,17,82138,4.9,Diesel,Manual,17.1,4,31592.88,4,1,7.5,0
Honda,Hatchback,16,159167,4.0,Diesel,Automatic,8.1,1,38974.85,3,0,9.3,1
Hyundai,Hatchback,11,171165,3.5,Diesel,CVT,17.7,4,29014.63,5,1,9.9,1
Honda,SUV,21,75342,4.8,Diesel,Automatic,23.4,5,10298.66,2,0,3.5,0
Audi,Sedan,24,5371,1.2,Diesel,Automatic,15.3,2,10417.12,4,1,4.7,0
Nissan,SUV,9,58083,4.8,Hybrid,Manual,10.6,4,33727.44,4,1,1.2,1
Tesla,Truck,3,82974,4.2,Petrol,Manual,12.8,5,24225.42,2,1,2.3,1
Nissan,Hatchback,21,101908,5.0,Electric,Automatic,15.3,1,53485.96,1,0,2.8,0
Ford,Convertible,10,115856,3.3,Diesel,CVT,9.1,1,6482.74,3,1,8.9,0
Honda,Coupe,8,143524,1.9,Diesel,Manual,13.1,2,17942.23,1,0,8.8,1
Chevrolet,Hatchback,15,110633,2.7,Diesel,Manual,13.5,4,14060.01,2,1,6.5,1
Tesla,Convertible,9,184485,2.0,Petrol,Manual,14.0,5,25569.61,5,1,5.2,0
BMW,Hatchback,12,35236,4.3,Hybrid,CVT,24.3,2,17063.08,2,1,3.5,1
Chevrolet,Coupe,18,40129,4.1,Electric,Automatic,24.8,1,19527.36,3,0,6.9,0
Nissan,Coupe,11,44654,2.4,Electric,CVT,14.8,2,44776.84,3,1,5.6,0
Tesla,Coupe,20,198897,3.7,Petrol,CVT,11.3,3,35964.99,4,1,4.3,1
Ford,Truck,23,148963,1.6,Petrol,Manual,23.7,2,10542.25,3,0,3.9,0
Hyundai,Sedan,1,166116,3.6,Hybrid,Manual,19.9,5,33250.04,4,1,6.4,0
Chevrolet,Truck,24,126667,4.5,Diesel,CVT,15.9,1,11487.07,3,0,3.3,0
Audi,Truck,23,171577,4.2,Petrol,CVT,19.3,5,10101.39,2,0,6.3,0
Nissan,Coupe,3,167150,3.4,Petrol,Manual,19.6,5,38927.65,1,0,4.6,1
BMW,Convertible,9,106070,5.0,Electric,Automatic,16.1,3,54866.64,2,1,7.9,0
Tesla,SUV,16,116745,1.2,Diesel,Manual,8.5,5,36353.0,2,0,4.6,1
Nissan,Convertible,14,79287,1.1,Diesel,Automatic,20.7,1,42121.15,5,1,8.8,0
Audi,Coupe,24,196731,1.7,Hybrid,Manual,23.3,2,34108.12,4,1,7.5,0
Hyundai,Convertible,22,28738,1.2,Diesel,CVT,16.1,3,28407.72,3,1,6.7,0
Nissan,Coupe,1,81447,3.0,Petrol,Automatic,22.3,3,23967.81,4,0,9.5,1
Chevrolet,Truck,2,76384,4.3,Electric,Automatic,17.6,4,42365.82,2,1,1.5,1
Audi,Hatchback,15,139878,2.6,Electric,Manual,22.2,5,32459.96,2,0,8.4,1
Ford,Convertible,2,74335,4.3,Petrol,Automatic,12.9,2,23855.32,5,1,2.5,0
BMW,Hatchback,12,35236,4.3,Hybrid,CVT,24.3,2,15274.4,3,0,6.1,1
Chevrolet,SUV,17,181936,3.6,Diesel,CVT,11.0,4,22416.2,4,1,8.8,1
Chevrolet,Sedan,17,71377,4.4,Petrol,Automatic,17.3,2,16481.81,3,0,6.0,1
Tesla,Convertible,10,11065,3.0,Hybrid,Manual,20.8,4,48282.92,3,1,4.4,1
Honda,SUV,16,17469,3.8,Electric,CVT,8.3,5,35634.91,4,0,5.0,1
Hyundai,Truck,24,149794,2.0,Hybrid,Manual,20.3,5,58469.58,4,1,7.1,1
Tesla,Coupe,9,69050,4.7,Electric,Automatic,15.9,5,38079.55,5,0,3.6,0
BMW,Convertible,12,120563,1.9,Petrol,Automatic,10.2,2,28133.0,3,1,2.1,1
Nissan,Coupe,17,152838,3.2,Hybrid,Manual,14.3,2,13483.19,1,1,4.8,1
Audi,Truck,23,139271,1.7,Hybrid,CVT,9.4,5,31810.66,2,0,2.9,0
Honda,Convertible,23,16913,2.1,Petrol,Manual,18.5,1,22953.13,5,0,6.7,1
Ford,Sedan,20,108607,4.1,Hybrid,Manual,17.5,4,56196.36,4,0,5.8,1
Toyota,Coupe,16,193705,4.0,Petrol,Automatic,9.5,5,16273.68,5,1,8.0,0
Nissan,Convertible,13,49786,4.3,Hybrid,Manual,13.1,2,39994.46,1,0,3.0,1
Ford,Convertible,3,51899,4.4,Diesel,Automatic,18.2,4,25600.86,5,0,9.3,0
Nissan,Sedan,15,52481,3.0,Diesel,Manual,11.5,4,40195.23,3,1,9.4,0
Tesla,Convertible,9,34925,1.4,Hybrid,Automatic,14.4,5,25198.99,5,0,3.8,1
Mercedes,SUV,24,99365,3.9,Hybrid,Automatic,12.8,3,18253.45,3,0,3.3,0
Tesla,Sedan,6,152302,2.1,Electric,Automatic,11.1,1,30309.95,1,1,4.5,0
Toyota,SUV,0,9062,2.8,Hybrid,CVT,11.9,2,5515.38,4,1,6.2,0
Toyota,Truck,5,144185,2.4,Electric,Automatic,14.1,1,42571.58,5,0,8.8,0
Tesla,Convertible,24,129510,4.1,Diesel,Automatic,23.0,3,22153.44,3,0,5.2,0
Toyota,Truck,16,83260,2.5,Diesel,CVT,15.8,4,51097.68,3,1,2.3,1
Nissan,Hatchback,18,148204,1.5,Petrol,Automatic,18.8,3,44217.24,2,1,8.4,0
Mercedes,Sedan,19,123548,1.3,Diesel,Manual,18.6,2,7051.08,3,1,1.2,1
Audi,Coupe,24,196731,1.7,Hybrid,Manual,23.3,2,27838.76,4,0,5.6,0
Nissan,Coupe,11,44654,2.4,Electric,CVT,14.8,2,53643.49,1,0,5.1,1
Audi,Hatchback,15,139878,2.6,Electric,Manual,22.2,5,42651.94,3,0,6.5,0
Honda,Truck,14,120289,4.7,Diesel,Manual,17.2,1,57829.51,1,0,6.5,1
Toyota,Convertible,3,58642,1.5,Electric,Automatic,16.6,3,17751.58,5,1,2.9,0
BMW,Truck,3,117302,4.0,Electric,CVT,20.8,2,21010.7,5,1,7.0,1
Nissan,Truck,10,123060,2.4,Electric,CVT,15.8,1,40819.89,1,0,7.9,0
Audi,SUV,8,161561,3.2,Diesel,CVT,10.5,2,40189.45,2,0,4.7,0
Honda,Sedan,22,7072,4.3,Petrol,Automatic,24.4,5,40075.29,4,1,7.2,1
Hyundai,SUV,21,71510,2.1,Diesel,Manual,20.7,1,45887.94,1,1,2.2,0
Chevrolet,Hatchback,6,39064,3.7,Electric,Manual,9.0,4,37113.19,5,0,2.2,1
Chevrolet,Hatchback,10,107258,4.3,Hybrid,CVT,9.9,1,44349.32,4,0,9.8,0
BMW,Sedan,20,142109,1.9,Diesel,CVT,14.8,1,27305.31,3,0,4.8,0
Toyota,Sedan,21,173205,2.2,Hybrid,CVT,18.2,4,8539.88,2,1,4.5,0
Hyundai,Convertible,4,188547,2.5,Diesel,Automatic,19.8,4,37924.72,4,0,7.5,1
Chevrolet,Truck,14,26543,3.9,Hybrid,Manual,22.5,4,11751.71,2,1,9.2,1
Chevrolet,Sedan,15,134715,2.0,Electric,Manual,9.3,1,6232.7,1,1,7.1,1
Chevrolet,Hatchback,23,187245,2.1,Hybrid,CVT,16.5,1,64960.53,3,1,3.4,1
Chevrolet,Hatchback,5,130483,1.7,Diesel,Manual,13.8,3,12799.9,2,1,7.9,1
Tesla,Sedan,4,179525,4.0,Hybrid,Automatic,24.6,5,4848.9,4,1,2.5,1
Chevrolet,Coupe,4,120831,1.1,Petrol,Manual,14.8,4,49715.31,1,0,1.7,1
Nissan,Truck,2,83204,1.9,Electric,Manual,15.4,4,27234.0,3,1,7.8,1
Chevrolet,Sedan,8,182545,4.4,Petrol,Automatic,18.6,5,26748.45,3,0,7.6,0
Hyundai,SUV,11,105553,2.4,Hybrid,Manual,17.2,2,17684.12,5,0,8.5,1
Honda,SUV,21,124500,3.9,Electric,CVT,17.2,1,41741.03,2,0,5.0,0
Honda,Hatchback,10,40867,3.6,Electric,CVT,23.2,5,67084.89,2,0,4.2,1
Mercedes,Hatchback,6,66134,4.4,Electric,Automatic,11.1,4,10821.21,1,0,8.3,0
Nissan,SUV,7,126937,4.4,Diesel,Manual,20.4,3,14117.5,3,0,4.6,0
Toyota,Hatchback,9,124274,2.9,Petrol,Manual,14.6,3,44033.27,2,1,5.8,1
Toyota,Coupe,0,64750,4.7,Diesel,Manual,22.8,4,33928.65,3,1,4.1,1
Nissan,Truck,8,175089,1.3,Petrol,Manual,21.0,1,35727.83,4,1,9.7,1
Audi,Convertible,20,85858,1.8,Electric,Automatic,23.4,5,20890.03,4,0,8.5,1
Tesla,SUV,12,103514,2.8,Electric,Manual,23.4,3,41835.73,2,0,7.5,0
Tesla,Sedan,5,19488,1.8,Electric,Manual,14.6,5,46248.76,3,1,3.1,0
Ford,Coupe,18,69847,2.2,Diesel,Manual,8.9,2,8660.93,2,0,3.7,1
Hyundai,SUV,21,71510,2.1,Diesel,Manual,20.7,1,43643.66,4,1,9.6,0
Ford,Convertible,4,146523,2.6,Hybrid,Manual,15.9,4,5798.52,4,1,3.9,1
Tesla,Sedan,5,147964,3.1,Diesel,CVT,9.6,5,19385.08,1,1,3.6,0
BMW,SUV,5,30836,1.6,Petrol,CVT,13.2,1,4172.76,1,0,4.1,1
Mercedes,SUV,24,99365,3.9,Hybrid,Automatic,12.8,3,12383.08,1,1,4.9,1
Chevrolet,Sedan,15,134715,2.0,Electric,Manual,9.3,1,8109.39,3,0,1.1,1
Audi,Hatchback,13,114689,4.2,Electric,Automatic,15.4,1,9902.29,5,0,8.9,0
Mercedes,Hatchback,22,165778,3.7,Hybrid,Automatic,9.6,3,16667.18,5,1,6.1,0
Toyota,Truck,7,106562,3.2,Petrol,CVT,13.7,5,51996.48,5,1,4.2,1
BMW,Coupe,4,175860,1.5,Diesel,Automatic,14.5,1,27989.01,1,1,10.0,1
Tesla,Truck,21,112344,1.8,Electric,CVT,20.7,5,59246.07,5,0,6.3,0
Ford,Sedan,20,108607,4.1,Hybrid,Manual,17.5,4,48071.49,2,1,6.9,1
Audi,Convertible,10,171726,4.8,Diesel,Manual,9.0,3,55560.54,2,1,2.8,1
BMW,Truck,13,175608,3.4,Hybrid,Automatic,8.3,3,48789.1,2,1,5.3,0
Honda,Hatchback,22,104908,4.6,Diesel,Automatic,12.9,4,13230.32,5,1,9.0,1
Chevrolet,Convertible,14,111755,3.0,Diesel,Automatic,10.1,4,17543.9,5,0,4.1,1
Toyota,Hatchback,21,129649,5.0,Diesel,Manual,17.9,2,15048.91,5,0,9.1,1
Ford,Hatchback,17,156122,3.0,Diesel,CVT,23.9,3,36907.86,4,0,5.9,0
Ford,Convertible,5,132209,2.3,Diesel,CVT,13.1,3,6353.7,2,0,6.8,0
Chevrolet,Convertible,19,34529,2.6,Electric,Manual,10.1,1,52465.07,2,0,6.2,1
Honda,SUV,20,76014,3.2,Petrol,Manual,14.1,2,52073.21,4,1,8.0,1
Hyundai,Sedan,6,116137,4.1,Hybrid,Automatic,20.7,4,27036.46,3,0,5.7,0
Chevrolet,Convertible,7,26231,1.4,Electric,CVT,13.4,4,16881.18,2,0,1.9,0
Honda,Truck,5,70267,2.4,Diesel,Manual,12.5,5,12121.86,1,0,4.9,0
Chevrolet,Hatchback,5,130483,1.7,Diesel,Manual,13.8,3,19664.36,2,0,6.7,1
Toyota,Hatchback,7,80796,4.5,Diesel,CVT,11.6,3,39368.79,1,1,3.0,0
Mercedes,Sedan,4,100944,3.7,Petrol,Manual,19.8,2,69341.63,1,1,5.1,1
BMW,Coupe,4,175860,1.5,Diesel,Automatic,14.5,1,18046.55,2,0,6.9,0
Honda,Sedan,10,40918,1.9,Electric,Automatic,9.0,3,31148.07,1,0,6.9,0
Hyundai,Convertible,8,174592,1.2,Petrol,Automatic,12.4,5,20282.67,3,1,7.3,1
Tesla,Truck,16,182658,1.6,Petrol,CVT,14.6,1,39323.35,3,1,1.8,0
Hyundai,Hatchback,11,171165,3.5,Diesel,CVT,17.7,4,30853.01,3,0,7.0,1
Audi,Truck,23,139271,1.7,Hybrid,CVT,9.4,5,50037.29,4,1,2.7,0
Nissan,Truck,11,130960,4.9,Petrol,Automatic,21.3,5,31720.68,4,0,7.1,1
Mercedes,Convertible,8,19297,4.5,Electric,Manual,18.8,2,41610.66,1,0,3.2,0
Nissan,Sedan,15,133070,1.3,Electric,Manual,15.0,3,66325.31,5,0,1.3,1
Hyundai,Convertible,22,28738,1.2,Diesel,CVT,16.1,3,29675.84,1,1,9.6,0
Toyota,SUV,17,10925,1.4,Petrol,CVT,11.0,3,10688.04,4,1,7.1,1
Ford,SUV,11,25293,4.3,Hybrid,Automatic,21.3,1,29926.75,1,1,6.5,0
Honda,Convertible,16,105527,1.6,Electric,Automatic,9.2,1,25541.79,4,1,5.8,0
Ford,Hatchback,12,99413,3.2,Electric,CVT,18.7,5,13175.8,2,0,1.2,0
Hyundai,Hatchback,10,12809,2.6,Petrol,CVT,22.0,3,51158.75,2,1,9.7,1
BMW,Hatchback,21,45218,1.7,Petrol,Manual,12.6,2,18491.23,2,1,3.7,0
Chevrolet,Hatchback,19,149281,2.5,Diesel,Manual,16.9,2,59431.84,4,0,4.5,0
Chevrolet,Sedan,16,82998,4.5,Diesel,CVT,15.0,4,39889.85,4,0,5.4,1
Tesla,Convertible,22,47974,4.9,Hybrid,CVT,22.5,4,6803.85,2,1,3.5,0
Nissan,Coupe,16,192123,1.9,Petrol,CVT,25.0,5,29159.32,2,0,5.1,1
Tesla,Convertible,2,81718,3.5,Electric,Manual,10.3,3,6954.09,4,0,6.7,0
Honda,Coupe,17,10685,3.4,Electric,CVT,25.0,2,3482.2,4,0,7.6,1
BMW,SUV,24,77583,3.0,Electric,Automatic,15.1,3,55802.99,2,0,7.9,0
Audi,Sedan,0,107780,2.1,Electric,Automatic,23.3,4,25386.47,3,1,5.6,0
Ford,SUV,0,105943,1.5,Petrol,Automatic,16.6,1,7900.6,5,1,1.1,1
Honda,Truck,5,70267,2.4,Diesel,Manual,12.5,5,8693.76,2,1,4.5,0
Hyundai,Truck,0,99039,2.6,Hybrid,CVT,24.9,5,5530.73,4,1,9.7,0
Tesla,Coupe,20,198897,3.7,Petrol,CVT,11.3,3,39822.65,4,1,6.0,0
Nissan,SUV,10,100651,1.5,Petrol,CVT,22.4,4,3472.91,5,0,1.1,1
Tesla,Hatchback,0,64968,1.6,Hybrid,Manual,14.4,5,34572.52,4,0,1.4,1
Toyota,SUV,24,96451,3.3,Diesel,Manual,12.5,5,58511.33,2,0,4.8,1
Ford,Hatchback,3,90184,2.7,Petrol,Automatic,13.2,5,14981.84,3,1,2.9,1
Chevrolet,Hatchback,10,107258,4.3,Hybrid,CVT,9.9,1,54616.34,1,0,1.4,0
Honda,Hatchback,1,68828,2.6,Electric,Manual,8.6,2,5749.98,4,1,7.3,1
Chevrolet,Hatchback,5,130483,1.7,Diesel,Manual,13.8,3,12655.72,1,0,6.5,0
Chevrolet,Hatchback,23,187245,2.1,Hybrid,CVT,16.5,1,37935.75,3,0,6.5,1
Hyundai,Hatchback,21,75947,2.7,Hybrid,Automatic,9.3,1,13891.66,1,1,4.4,0
Honda,Coupe,15,131102,2.3,Electric,Manual,11.5,2,8591.3,3,0,6.2,0
Ford,Convertible,17,131775,1.2,Electric,Manual,15.3,1,9977.77,1,0,5.9,0
Toyota,Coupe,7,129216,4.2,Electric,Automatic,20.5,1,75993.05,4,0,2.2,0
Tesla,Truck,16,50644,4.2,Diesel,Manual,15.9,1,11282.79,5,1,8.9,0
Nissan,Coupe,15,57372,3.6,Electric,Automatic,15.8,5,57754.72,1,1,4.8,1
BMW,Convertible,22,134478,2.0,Petrol,CVT,11.8,5,17492.85,4,0,2.3,0
Tesla,SUV,15,107966,2.4,Hybrid,Manual,21.3,1,60740.1,1,1,1.6,1
Chevrolet,Truck,21,171986,3.8,Diesel,Automatic,23.8,1,54565.06,4,0,5.5,0
Chevrolet,Convertible,14,94269,2.3,Petrol,Automatic,18.0,1,39783.26,2,1,4.0,0
Toyota,Truck,2,148247,4.8,Petrol,Automatic,24.2,2,2892.18,4,1,7.8,0
Mercedes,Truck,24,110705,2.8,Diesel,Automatic,24.1,4,23943.56,4,1,2.6,1
Audi,Sedan,20,28847,3.9,Diesel,Automatic,8.8,5,19429.73,4,0,1.9,0
Chevrolet,Sedan,15,134715,2.0,Electric,Manual,9.3,1,10271.8,3,1,7.5,0
Tesla,Convertible,20,26115,4.3,Electric,Automatic,23.4,4,17202.71,1,1,3.8,1
Honda,Coupe,13,137777,4.1,Hybrid,Automatic,9.5,4,61415.55,3,1,9.7,1
BMW,Sedan,20,142109,1.9,Diesel,CVT,14.8,1,34558.13,3,1,9.7,0
Nissan,SUV,9,58083,4.8,Hybrid,Manual,10.6,4,32432.67,5,1,6.9,1
BMW,Convertible,9,106070,5.0,Electric,Automatic,16.1,3,45468.83,5,1,1.3,1
Mercedes,Convertible,14,190341,4.4,Electric,CVT,21.6,3,38518.3,4,0,2.6,1
Toyota,Sedan,11,153796,2.4,Petrol,Automatic,20.8,1,7775.08,3,0,7.3,1
Ford,Coupe,16,95151,3.5,Diesel,Manual,16.4,1,25406.46,3,0,6.7,0
Ford,Hatchback,16,189758,4.2,Hybrid,Manual,21.6,1,28682.67,4,0,6.2,1
Chevrolet,Sedan,15,134715,2.0,Electric,Manual,9.3,1,8645.09,5,0,4.4,1
Chevrolet,Hatchback,12,173422,1.7,Electric,Manual,17.8,3,40732.07,1,0,6.3,0
Mercedes,Truck,1,164843,1.8,Petrol,Automatic,12.5,1,37092.59,3,1,9.4,1
Tesla,Truck,15,148210,2.8,Hybrid,CVT,14.9,3,67252.12,2,0,8.3,0
Nissan,Hatchback,9,91263,3.7,Diesel,Manual,12.1,2,48435.78,1,1,6.6,1
Toyota,Truck,21,100836,1.1,Petrol,CVT,11.5,3,34242.23,1,0,6.5,0
Mercedes,Sedan,23,99056,3.5,Petrol,Automatic,23.7,5,42725.38,4,1,1.5,1
Toyota,Hatchback,7,171590,4.6,Petrol,Automatic,23.6,3,20752.41,5,0,6.0,0
Audi,Hatchback,1,172047,4.4,Electric,Automatic,15.7,5,56685.93,1,0,2.0,0
Chevrolet,Convertible,19,34529,2.6,Electric,Manual,10.1,1,39164.52,4,1,7.6,1
BMW,Sedan,20,170604,5.0,Hybrid,Automatic,11.3,1,29426.43,2,1,3.8,1
Tesla,SUV,8,56827,3.2,Diesel,Manual,15.8,4,24543.25,5,0,3.6,0
Honda,Sedan,10,54561,3.1,Hybrid,Manual,9.0,2,18592.7,4,1,1.4,1
Audi,Coupe,21,57646,4.5,Diesel,Automatic,9.5,3,36053.17,3,0,7.2,0
Mercedes,Convertible,23,149187,4.9,Hybrid,CVT,19.1,1,32343.97,1,1,3.4,1
BMW,Convertible,5,199308,2.0,Hybrid,Manual,19.7,1,35605.32,5,0,5.1,0
Mercedes,SUV,17,99374,1.2,Electric,Automatic,18.4,2,61383.64,1,1,5.6,0
Toyota,Convertible,13,89446,2.5,Hybrid,Automatic,12.6,5,12381.2,1,0,7.7,1
Tesla,SUV,8,56827,3.2,Diesel,Manual,15.8,4,16778.5,3,1,2.8,1
Toyota,Coupe,16,193705,4.0,Petrol,Automatic,9.5,5,16769.67,1,0,3.9,0
Tesla,Convertible,16,193724,3.5,Diesel,Manual,23.2,2,6220.6,5,1,8.4,0
Toyota,Hatchback,10,79472,1.1,Electric,Manual,13.2,5,48062.78,4,1,3.1,1
Honda,Hatchback,3,176505,3.0,Hybrid,Manual,18.5,3,21322.51,3,0,4.5,0
Audi,Coupe,20,194397,3.1,Electric,Automatic,16.0,4,24276.85,4,0,8.4,0
BMW,Hatchback,17,21615,2.6,Petrol,CVT,11.7,3,58341.59,4,1,4.8,0
Mercedes,Coupe,24,170034,4.2,Hybrid,CVT,22.3,1,33377.23,5,0,9.6,0
Mercedes,Convertible,7,144642,1.3,Petrol,CVT,21.4,5,48752.44,1,1,1.3,1
Mercedes,Sedan,9,154572,3.4,Electric,Automatic,24.5,4,54618.71,1,1,7.0,0
Toyota,Convertible,20,7995,2.1,Diesel,Manual,23.8,3,18484.2,4,0,8.1,0
BMW,Coupe,21,183155,5.0,Hybrid,Manual,22.3,5,47607.35,1,1,6.3,0
Honda,Sedan,3,168615,1.7,Hybrid,CVT,15.6,5,50600.92,4,1,3.5,0
BMW,Truck,18,157099,3.4,Diesel,Automatic,10.6,2,4931.09,2,0,1.5,1
Ford,Coupe,2,137963,2.7,Hybrid,Manual,9.6,1,8011.19,2,1,4.7,0
BMW,Convertible,13,197111,2.4,Hybrid,CVT,18.8,4,12653.38,2,1,7.7,1
Tesla,Sedan,5,19488,1.8,Electric,Manual,14.6,5,38562.32,1,0,5.9,1
BMW,Convertible,12,120563,1.9,Petrol,Automatic,10.2,2,25884.81,2,1,7.8,0
Audi,Coupe,8,157863,4.7,Electric,CVT,18.2,5,22026.5,3,1,8.5,1
Ford,Coupe,22,149153,3.3,Petrol,Automatic,10.9,5,25561.93,2,0,9.0,0
BMW,Convertible,12,77913,1.9,Electric,CVT,9.6,3,45131.38,2,0,7.7,0
Nissan,Truck,21,55954,3.0,Petrol,Manual,24.4,1,17969.41,4,0,2.3,0
Tesla,Coupe,5,137573,2.6,Diesel,Automatic,23.6,1,35555.33,4,0,8.8,1
Chevrolet,Convertible,14,94269,2.3,Petrol,Automatic,18.0,1,28117.16,5,0,4.6,1
Honda,Hatchback,0,82312,1.2,Hybrid,CVT,15.3,4,17390.81,5,1,6.0,1
Toyota,Truck,15,149762,3.3,Diesel,Manual,24.6,5,16255.56,2,0,8.1,1
BMW,Sedan,0,37164,3.5,Electric,Manual,13.0,1,8219.72,3,0,7.7,1
Tesla,SUV,9,67591,2.5,Petrol,CVT,13.9,5,34573.42,2,1,2.1,1
Hyundai,Hatchback,4,129042,3.0,Hybrid,CVT,11.6,4,34883.06,3,1,5.7,1
BMW,Coupe,15,5008,4.6,Electric,Manual,9.4,2,5069.94,1,1,4.6,1
Nissan,Convertible,13,183409,4.1,Hybrid,CVT,18.8,2,35180.39,3,1,6.6,1
Nissan,SUV,0,84087,1.0,Hybrid,Manual,17.0,3,16760.72,2,1,3.3,1
Tesla,Sedan,2,101280,1.8,Electric,Automatic,12.0,5,38579.7,4,1,1.4,0
Chevrolet,Coupe,11,166509,1.2,Petrol,Manual,19.7,4,7790.15,1,0,3.3,0
Mercedes,SUV,1,161383,1.7,Diesel,CVT,19.2,3,20569.39,5,0,5.4,0
Chevrolet,Coupe,16,92779,2.0,Hybrid,Manual,10.1,4,27395.4,1,0,4.6,0
Mercedes,SUV,0,128481,2.2,Hybrid,CVT,21.7,4,37932.16,2,0,3.4,1
Tesla,Hatchback,22,67373,3.7,Diesel,Automatic,23.5,1,38505.51,1,0,2.7,1
Ford,Coupe,3,158295,2.7,Petrol,Manual,14.4,4,28990.66,3,0,3.2,0
Hyundai,Coupe,6,72918,4.5,Electric,CVT,22.8,2,54937.23,2,1,6.3,0
Honda,Coupe,17,10685,3.4,Electric,CVT,25.0,2,3240.79,4,0,4.7,0
Tesla,Truck,16,50644,4.2,Diesel,Manual,15.9,1,8939.48,1,0,9.5,1
Honda,Coupe,7,133599,4.1,Petrol,Automatic,17.3,3,30127.49,4,1,6.1,0
Chevrolet,Truck,6,118375,3.6,Petrol,Automatic,8.9,3,29392.09,5,0,7.7,0
Honda,Coupe,10,172374,1.9,Diesel,CVT,17.2,5,13723.3,5,1,3.2,0
Toyota,SUV,17,10925,1.4,Petrol,CVT,11.0,3,13710.34,1,0,3.4,1
Chevrolet,Sedan,15,120781,4.2,Hybrid,Manual,21.6,5,54190.04,3,1,9.8,1
Toyota,Coupe,1,62210,2.8,Diesel,Automatic,11.2,3,28231.04,1,0,6.5,0
Audi,Coupe,22,150352,2.3,Diesel,CVT,24.0,4,36997.27,2,0,1.0,0
Mercedes,Convertible,7,101373,2.9,Petrol,Automatic,22.8,2,34980.68,5,1,2.1,1
Nissan,Hatchback,17,179519,1.2,Diesel,Automatic,22.6,2,41562.06,5,0,4.0,0
Tesla,Convertible,24,169233,1.8,Hybrid,CVT,13.4,2,52312.72,1,0,5.0,0
Ford,Truck,10,174183,3.7,Electric,Manual,23.6,1,9336.88,1,1,2.6,1
Hyundai,Truck,0,47046,2.6,Electric,Automatic,24.9,5,10718.98,1,0,5.0,1
Mercedes,Coupe,24,170034,4.2,Hybrid,CVT,22.3,1,51827.98,1,1,4.0,0
Honda,Sedan,4,168607,2.9,Petrol,Automatic,10.0,4,6831.5,5,1,4.0,0
Audi,Truck,23,158858,4.5,Diesel,Manual,22.0,5,20838.99,3,1,9.7,0
Ford,Convertible,4,102404,3.3,Electric,Manual,23.1,5,60607.34,5,0,5.2,1
Nissan,Truck,3,47624,2.3,Electric,Manual,23.1,1,36285.58,2,0,9.6,0
Nissan,Coupe,4,123486,4.3,Petrol,Automatic,16.1,4,56498.32,5,0,9.3,1
Audi,Hatchback,17,141129,1.9,Electric,CVT,20.9,4,12849.04,3,1,6.3,0
Nissan,Truck,19,149159,1.9,Electric,Manual,11.1,3,20077.3,4,1,7.6,0
BMW,Hatchback,22,52815,4.3,Petrol,CVT,9.7,3,17484.53,3,0,4.9,0
Toyota,Convertible,13,89446,2.5,Hybrid,Automatic,12.6,5,15832.35,2,0,3.6,0
Chevrolet,Truck,22,105977,3.3,Hybrid,Automatic,11.4,5,41007.37,1,1,9.5,0
Tesla,SUV,19,196593,4.1,Petrol,Automatic,15.5,1,41915.39,3,1,4.4,1
BMW,Truck,14,47093,4.5,Electric,CVT,23.5,5,43206.12,1,1,8.1,1
Honda,Hatchback,0,82312,1.2,Hybrid,CVT,15.3,4,17336.34,1,0,8.4,1
Audi,Convertible,19,31533,3.5,Hybrid,Automatic,20.5,5,21018.75,5,1,2.8,1
Toyota,SUV,8,14639,4.3,Petrol,CVT,15.1,3,24963.08,5,1,3.8,0
Hyundai,SUV,11,105553,2.4,Hybrid,Manual,17.2,2,20644.85,2,0,6.4,0
Nissan,SUV,1,174701,2.1,Diesel,Automatic,12.8,5,45715.57,3,1,5.4,1
Tesla,Hatchback,11,156322,2.8,Hybrid,Automatic,15.4,4,25789.09,4,1,4.6,1
Mercedes,Truck,1,164843,1.8,Petrol,Automatic,12.5,1,32383.38,2,1,2.6,1
Audi,SUV,17,26952,1.8,Petrol,Manual,18.4,1,11568.37,1,0,7.9,1
Nissan,Hatchback,19,35750,2.2,Diesel,Manual,11.6,4,3578.16,5,1,3.3,0
Toyota,Convertible,3,58642,1.5,Electric,Automatic,16.6,3,20666.99,2,1,7.3,1
Chevrolet,Convertible,2,55813,1.4,Hybrid,Automatic,17.7,3,44763.61,2,1,6.4,0
Nissan,Hatchback,15,65493,3.6,Electric,Automatic,8.4,1,34890.08,1,0,3.8,1
Honda,Hatchback,7,152985,3.3,Petrol,Automatic,8.9,3,41751.78,5,0,7.7,0
Audi,SUV,5,64042,3.4,Diesel,Manual,24.5,1,36476.3,3,0,2.2,1
BMW,Convertible,5,174557,3.0,Diesel,CVT,8.2,3,18439.76,1,1,6.0,1
Honda,Truck,21,189817,2.5,Petrol,CVT,24.6,1,7883.49,1,0,8.8,1
Tesla,Truck,19,98298,4.5,Diesel,CVT,17.1,2,50530.87,5,0,4.1,0
Nissan,Hatchback,21,101908,5.0,Electric,Automatic,15.3,1,51265.06,1,1,3.7,0
Chevrolet,Hatchback,0,71497,3.3,Petrol,CVT,9.4,4,17691.21,1,0,4.1,0
Audi,Hatchback,8,22942,2.5,Diesel,CVT,13.0,1,37179.84,3,0,1.9,0
Tesla,SUV,9,67591,2.5,Petrol,CVT,13.9,5,38478.47,4,1,9.6,0
Toyota,Hatchback,8,184436,4.1,Hybrid,Manual,18.9,2,29752.87,5,0,8.1,1
Nissan,Coupe,17,152838,3.2,Hybrid,Manual,14.3,2,11578.89,3,0,9.4,1
Hyundai,Truck,24,149794,2.0,Hybrid,Manual,20.3,5,43109.23,4,0,9.2,1
Audi,SUV,20,26871,4.2,Diesel,CVT,14.6,2,2435.67,3,1,3.7,1
Mercedes,SUV,19,158977,3.3,Diesel,Automatic,14.8,2,13896.02,5,0,8.5,0
Ford,Hatchback,13,185355,4.8,Electric,Manual,10.6,4,13310.59,3,0,9.7,0
Tesla,Coupe,14,144902,1.5,Hybrid,CVT,14.5,3,77749.47,1,0,3.3,1
BMW,Hatchback,0,30074,1.4,Diesel,Automatic,8.3,2,19178.76,3,1,8.7,1
BMW,Hatchback,21,45218,1.7,Petrol,Manual,12.6,2,21723.12,5,0,4.2,1
Chevrolet,Hatchback,23,187245,2.1,Hybrid,CVT,16.5,1,52829.08,5,0,9.9,1
Nissan,SUV,11,58588,1.8,Electric,Manual,21.3,1,25307.45,5,1,8.3,0
Honda,SUV,21,124500,3.9,Electric,CVT,17.2,1,27769.21,5,0,4.4,1
Chevrolet,Truck,19,58801,2.0,Electric,Manual,18.9,3,3755.27,1,0,2.1,1
Tesla,Hatchback,22,143380,1.0,Diesel,Automatic,8.8,2,32083.24,3,0,9.5,0
Toyota,Truck,4,182174,4.4,Hybrid,Manual,13.7,3,2471.17,5,1,1.3,1
Nissan,Sedan,17,189934,1.8,Diesel,Automatic,14.7,4,67678.43,5,1,3.0,1
Hyundai,Hatchback,2,17010,2.2,Petrol,Manual,22.5,5,49198.44,1,0,6.5,1
Audi,Hatchback,15,139878,2.6,Electric,Manual,22.2,5,35925.32,5,1,6.6,0
Toyota,Convertible,23,197366,3.5,Diesel,Manual,14.0,3,9100.2,4,1,7.5,0
Mercedes,Hatchback,12,185510,4.0,Electric,Manual,15.5,5,29916.45,4,0,5.1,0
Tesla,SUV,0,127396,2.3,Petrol,Automatic,11.0,5,13244.53,1,0,6.2,1
Hyundai,Hatchback,18,146282,3.8,Electric,Manual,18.3,2,29494.54,2,1,5.1,1
BMW,Coupe,0,34792,1.2,Diesel,CVT,9.0,5,65334.43,1,0,6.7,1
Nissan,SUV,19,132624,2.5,Diesel,Automatic,15.1,5,34165.2,2,1,4.1,1
Audi,Coupe,8,157863,4.7,Electric,CVT,18.2,5,36232.23,4,1,2.2,1
Ford,Hatchback,4,6842,4.6,Electric,Manual,23.5,3,9262.69,4,0,6.0,0
Nissan,Convertible,13,49786,4.3,Hybrid,Manual,13.1,2,40317.3,5,0,9.4,1
Nissan,Sedan,17,189934,1.8,Diesel,Automatic,14.7,4,68172.65,5,1,4.7,0
Chevrolet,Hatchback,9,9648,2.3,Petrol,Manual,9.3,1,22189.0,2,0,7.7,1
Toyota,Convertible,9,25435,3.2,Electric,CVT,10.4,3,19711.32,3,0,4.1,1
Toyota,Convertible,3,91854,3.7,Diesel,CVT,8.7,2,12714.5,2,0,8.9,0
Mercedes,Sedan,24,76401,3.3,Diesel,Automatic,9.3,1,39431.33,3,1,9.1,1
Ford,Sedan,10,161610,1.5,Petrol,CVT,15.2,2,13577.04,2,1,9.6,0
BMW,Coupe,10,193636,2.2,Diesel,CVT,20.6,3,22776.22,4,0,8.6,1
Mercedes,SUV,23,78068,1.1,Electric,Manual,8.7,4,61201.31,2,0,3.5,0
Toyota,Truck,2,21896,4.4,Electric,Manual,9.9,1,27602.06,2,1,3.9,1
Honda,Hatchback,16,152142,2.9,Hybrid,Automatic,18.7,5,52397.91,5,1,9.4,1
Nissan,Hatchback,0,83207,1.7,Hybrid,CVT,19.9,1,10118.19,4,0,3.1,0
Nissan,Coupe,12,119473,1.6,Petrol,Automatic,15.3,5,68000.17,5,1,6.0,1
Ford,Truck,17,15609,2.7,Petrol,Automatic,15.6,1,7103.69,3,1,8.3,0
Audi,SUV,8,161561,3.2,Diesel,CVT,10.5,2,54812.83,3,0,2.5,0
BMW,Hatchback,7,68907,1.6,Electric,CVT,12.3,2,52300.48,3,0,6.1,0
Tesla,Truck,10,21492,4.7,Electric,Manual,18.1,1,26761.63,4,0,4.1,0
Audi,SUV,5,85089,2.2,Electric,Manual,8.3,5,23308.05,2,1,9.1,1
Mercedes,Convertible,17,24732,1.6,Electric,CVT,17.3,2,4985.74,3,0,7.8,1
BMW,Convertible,16,35832,4.6,Hybrid,Automatic,23.1,5,55985.08,3,0,2.5,0
Toyota,Convertible,0,153910,1.4,Petrol,Manual,14.6,5,19543.41,1,1,1.3,1
BMW,SUV,5,177354,1.4,Hybrid,Automatic,16.8,5,57008.59,1,0,7.1,0
Mercedes,Hatchback,22,165778,3.7,Hybrid,Automatic,9.6,3,11666.33,1,0,5.0,1
Chevrolet,Truck,19,192013,4.8,Hybrid,CVT,13.8,2,53793.39,3,0,2.0,1
Ford,Convertible,2,74335,4.3,Petrol,Automatic,12.9,2,37724.79,5,1,5.8,0
Honda,SUV,3,12547,2.4,Hybrid,CVT,8.7,5,38498.7,2,1,4.8,0
Audi,Truck,22,50952,3.7,Petrol,CVT,8.4,2,8152.92,3,1,6.8,0
Audi,SUV,20,26871,4.2,Diesel,CVT,14.6,2,3498.18,3,0,6.1,1
Chevrolet,SUV,15,145882,2.7,Hybrid,Automatic,23.6,1,21513.99,3,1,9.6,1
Honda,Hatchback,4,196772,2.4,Hybrid,Manual,24.6,4,40019.74,3,0,1.8,1
Nissan,Sedan,24,63592,2.7,Electric,CVT,18.7,3,74400.47,1,0,5.6,0
Nissan,Truck,1,112734,2.4,Electric,Automatic,10.8,1,9079.51,3,1,8.3,0
Toyota,Truck,19,94120,2.0,Diesel,Manual,19.3,2,8672.05,5,1,6.4,1
Chevrolet,SUV,21,163941,4.1,Diesel,CVT,18.5,2,56701.96,1,0,5.1,0
Tesla,SUV,15,107966,2.4,Hybrid,Manual,21.3,1,40021.03,4,0,9.7,0
BMW,Convertible,14,152318,4.5,Electric,CVT,17.0,2,8632.76,2,0,9.8,1
Audi,Hatchback,8,22942,2.5,Diesel,CVT,13.0,1,36071.79,1,1,5.7,0
Toyota,Coupe,15,182751,4.9,Petrol,Automatic,21.2,1,19884.48,5,0,5.5,1
Hyundai,Hatchback,10,12809,2.6,Petrol,CVT,22.0,3,59671.04,1,1,3.8,0
Honda,Convertible,11,188616,3.5,Hybrid,CVT,11.9,5,41074.25,2,0,1.3,1
Chevrolet,Hatchback,10,107258,4.3,Hybrid,CVT,9.9,1,37226.33,3,0,1.2,1
Tesla,Coupe,17,105816,4.0,Electric,CVT,16.9,1,54043.57,3,1,8.8,0
Honda,SUV,2,99503,3.7,Petrol,Manual,23.3,1,27267.73,3,1,3.0,0
Tesla,Convertible,15,32360,3.8,Hybrid,CVT,19.5,2,35647.93,3,0,4.3,0
Mercedes,Hatchback,12,185510,4.0,Electric,Manual,15.5,5,53942.3,5,0,1.6,1
Ford,Hatchback,0,174007,3.8,Diesel,Automatic,14.7,2,49974.56,2,1,7.1,0
Audi,Coupe,14,30498,4.4,Diesel,Manual,14.9,3,32927.43,4,1,8.2,1
Honda,Convertible,23,16913,2.1,Petrol,Manual,18.5,1,19036.45,2,1,2.5,0
Chevrolet,Coupe,19,63640,4.5,Petrol,CVT,10.6,3,2880.21,2,1,9.9,0
Nissan,Convertible,5,45340,3.7,Petrol,Manual,15.3,2,54763.64,3,0,2.7,1
Hyundai,SUV,21,71510,2.1,Diesel,Manual,20.7,1,50221.34,3,1,5.5,1
Ford,Convertible,3,69739,1.1,Diesel,Automatic,12.5,4,76632.68,5,0,1.7,0
Audi,Truck,1,62451,3.0,Diesel,Automatic,18.8,3,9122.85,5,0,4.3,1
Audi,Coupe,22,146085,1.8,Hybrid,Manual,10.1,4,12895.66,5,1,6.9,1
BMW,Convertible,16,33736,4.5,Petrol,Manual,12.7,5,40110.81,5,1,9.8,0
Nissan,Coupe,16,129281,4.2,Diesel,Automatic,11.1,5,57188.06,3,0,1.7,0
BMW,Coupe,18,138461,2.0,Hybrid,CVT,18.8,2,57399.06,4,1,5.1,1
Tesla,Truck,3,82974,4.2,Petrol,Manual,12.8,5,32785.83,2,0,1.9,1
Audi,Coupe,12,16464,3.5,Electric,CVT,22.7,5,47869.12,1,1,9.2,1
Mercedes,Sedan,24,76401,3.3,Diesel,Automatic,9.3,1,27356.02,5,0,1.4,1
Chevrolet,Truck,24,55294,4.4,Petrol,CVT,17.0,2,16733.85,4,1,6.8,0
Nissan,Convertible,6,153142,3.5,Electric,Manual,18.7,3,11001.63,1,0,3.0,0
Nissan,Coupe,15,155278,1.6,Petrol,CVT,13.1,4,12912.77,5,1,3.4,1
BMW,Convertible,16,33736,4.5,Petrol,Manual,12.7,5,60454.82,3,1,5.7,1
Chevrolet,Hatchback,23,187245,2.1,Hybrid,CVT,16.5,1,41859.5,5,1,9.7,0
Audi,SUV,11,111017,4.4,Petrol,Automatic,24.2,5,59814.27,3,1,1.8,0
Tesla,Sedan,7,84241,1.8,Diesel,Manual,21.0,4,3418.22,5,1,4.4,1
Chevrolet,SUV,0,164472,4.8,Petrol,Automatic,21.5,4,44936.53,5,0,8.6,1
Chevrolet,Convertible,14,26251,1.5,Electric,CVT,16.9,4,30294.47,3,0,1.9,1
Hyundai,Hatchback,21,75947,2.7,Hybrid,Automatic,9.3,1,11786.85,3,1,5.7,1
Tesla,SUV,11,71648,2.5,Hybrid,CVT,8.4,4,52906.45,5,0,3.8,0
Toyota,Hatchback,10,79472,1.1,Electric,Manual,13.2,5,46290.15,3,1,7.6,0
Audi,Truck,8,114394,3.8,Diesel,Automatic,20.9,4,44222.66,4,1,4.7,0
Toyota,Truck,15,149762,3.3,Diesel,Manual,24.6,5,21281.01,2,1,8.6,0
Toyota,Truck,14,189510,4.9,Hybrid,Manual,13.1,5,4415.46,3,1,1.8,1
Mercedes,Convertible,14,190341,4.4,Electric,CVT,21.6,3,40138.71,5,1,5.0,1
Nissan,Sedan,15,52481,3.0,Diesel,Manual,11.5,4,39185.35,3,0,2.0,0
BMW,Coupe,4,175860,1.5,Diesel,Automatic,14.5,1,27425.7,5,1,6.2,1
Toyota,Sedan,21,173205,2.2,Hybrid,CVT,18.2,4,11888.4,1,0,1.6,0
Mercedes,SUV,11,102151,4.5,Diesel,Manual,20.9,5,30942.3,2,1,6.6,1
Ford,Coupe,18,69847,2.2,Diesel,Manual,8.9,2,8077.05,2,0,8.3,0
Audi,Sedan,19,171735,2.3,Diesel,Automatic,9.3,3,31037.26,5,0,5.5,0
Ford,Hatchback,4,6842,4.6,Electric,Manual,23.5,3,16791.88,1,0,1.8,0
Chevrolet,Coupe,22,29861,1.8,Diesel,CVT,11.9,2,23631.84,3,1,9.6,0
Audi,Sedan,14,189843,3.5,Electric,Automatic,21.4,2,39510.94,5,1,9.8,1
Toyota,Sedan,21,169973,1.6,Diesel,Manual,21.2,4,24570.8,2,0,5.5,1
Chevrolet,Coupe,5,137808,4.6,Electric,Manual,14.7,4,13979.12,1,1,8.4,1
BMW,Convertible,12,120563,1.9,Petrol,Automatic,10.2,2,20338.64,5,0,3.6,0
Toyota,Hatchback,21,129649,5.0,Diesel,Manual,17.9,2,15196.4,2,0,3.0,0
Chevrolet,Coupe,23,186688,1.5,Electric,CVT,10.3,1,36277.61,2,1,4.5,1
Nissan,Sedan,1,11672,1.8,Hybrid,Automatic,11.2,1,35913.52,5,0,3.7,1
Tesla,Hatchback,11,156322,2.8,Hybrid,Automatic,15.4,4,23855.12,3,1,9.9,1
Hyundai,SUV,9,19120,4.3,Electric,Manual,13.8,1,6268.53,4,0,3.7,1
Hyundai,SUV,19,155310,3.0,Electric,Manual,20.7,1,64441.81,1,0,2.8,0
Nissan,SUV,11,87217,3.8,Petrol,Manual,18.6,3,47420.18,3,0,9.9,0
Honda,Coupe,4,134922,3.5,Electric,Automatic,20.5,1,33642.99,2,1,9.5,0
Honda,Sedan,10,189162,4.7,Petrol,CVT,22.3,5,43850.44,4,1,8.8,1
Chevrolet,Coupe,23,53802,1.0,Diesel,Manual,24.7,5,20148.75,3,1,1.3,0
Tesla,SUV,0,55179,4.4,Hybrid,Manual,15.7,2,26364.55,1,1,5.2,1
Chevrolet,Hatchback,19,186761,1.9,Diesel,Manual,24.0,1,3352.31,5,1,2.0,0
Toyota,Truck,19,94120,2.0,Diesel,Manual,19.3,2,9631.1,4,1,3.0,0
Mercedes,Coupe,5,71543,1.8,Hybrid,Automatic,23.4,1,22540.04,1,0,4.6,0
Mercedes,Sedan,24,72505,2.0,Petrol,CVT,22.3,5,45473.67,4,0,2.8,0
Ford,Hatchback,16,189758,4.2,Hybrid,Manual,21.6,1,32997.92,2,1,8.2,0
Toyota,Sedan,11,153796,2.4,Petrol,Automatic,20.8,1,7602.25,1,1,1.4,0
Tesla,Sedan,18,110084,3.9,Electric,CVT,14.0,5,40706.57,5,1,7.8,0
Toyota,Truck,21,100836,1.1,Petrol,CVT,11.5,3,44048.37,4,0,7.1,1
Toyota,Hatchback,2,154885,4.5,Diesel,Automatic,11.2,4,5470.93,3,0,2.3,0
Nissan,Truck,2,184025,1.3,Hybrid,Manual,13.3,2,70876.33,1,0,9.1,1
Audi,Convertible,17,96159,3.9,Diesel,CVT,19.7,5,39474.99,2,0,3.2,0
Ford,Truck,10,174183,3.7,Electric,Manual,23.6,1,13562.45,3,0,6.9,1
Honda,SUV,11,192622,1.4,Diesel,Manual,23.0,3,28109.05,5,1,8.3,1
Tesla,Hatchback,8,34956,3.3,Petrol,Manual,16.9,5,56010.61,4,0,3.4,0
Honda,Coupe,17,10685,3.4,Electric,CVT,25.0,2,3165.02,3,1,7.0,0
Toyota,Sedan,7,46331,4.5,Diesel,CVT,11.4,5,4345.07,4,1,5.2,1
Chevrolet,Convertible,15,199476,2.2,Petrol,CVT,12.1,4,13266.06,3,0,9.9,0
Chevrolet,SUV,16,128793,3.5,Hybrid,Automatic,12.7,4,30548.72,4,1,9.6,1
Toyota,Coupe,0,119263,2.4,Diesel,Automatic,8.6,2,30841.71,3,1,1.9,0
Chevrolet,SUV,8,14110,1.3,Diesel,Automatic,20.5,4,54454.05,5,1,8.5,1
Mercedes,Truck,21,55204,1.7,Petrol,Automatic,16.5,2,29192.95,5,1,1.9,0
Honda,SUV,14,76123,1.8,Electric,Manual,8.6,1,21644.41,3,1,5.7,0
Mercedes,SUV,1,161383,1.7,Diesel,CVT,19.2,3,17962.13,4,1,1.2,1
Audi,SUV,5,64042,3.4,Diesel,Manual,24.5,1,28608.98,4,0,1.2,0
BMW,Convertible,22,110485,3.8,Electric,Manual,24.1,2,16221.99,2,1,9.5,1
Honda,Sedan,16,118593,3.3,Electric,Manual,20.3,4,13634.2,3,1,3.6,1
Honda,Hatchback,3,176505,3.0,Hybrid,Manual,18.5,3,21804.58,2,1,1.4,0
Nissan,Sedan,8,103412,3.6,Hybrid,Automatic,10.0,3,29437.21,4,0,6.3,0
Audi,Coupe,21,155286,2.4,Petrol,Automatic,8.2,5,19114.82,4,1,5.0,1
Chevrolet,Truck,14,42490,4.3,Petrol,Manual,10.1,5,23427.0,5,0,9.0,1
Hyundai,Sedan,0,170874,1.4,Electric,Manual,22.0,5,29476.63,2,0,8.3,0
Audi,Convertible,20,85858,1.8,Electric,Automatic,23.4,5,16039.48,1,1,3.8,0
Nissan,Hatchback,20,141596,1.3,Diesel,Manual,11.2,3,8143.8,4,1,5.3,1
Honda,Truck,5,70267,2.4,Diesel,Manual,12.5,5,6667.12,4,0,3.5,0
Nissan,SUV,23,192245,2.1,Petrol,Automatic,16.8,3,7881.23,1,0,9.4,1
BMW,SUV,8,101733,2.9,Diesel,Manual,13.7,5,3132.58,4,1,7.6,0
Tesla,Coupe,6,83437,3.8,Hybrid,Manual,24.8,4,30717.79,1,0,1.3,0
Toyota,Hatchback,22,156324,2.0,Electric,CVT,17.7,5,14929.77,2,1,8.5,1
Hyundai,Hatchback,18,102624,4.2,Hybrid,CVT,24.2,2,54754.33,5,0,2.4,0
Mercedes,Hatchback,6,66134,4.4,Electric,Automatic,11.1,4,11338.65,1,0,8.0,1
Ford,Convertible,17,131775,1.2,Electric,Manual,15.3,1,10732.33,5,0,6.8,1
Toyota,Coupe,20,112635,1.2,Petrol,Automatic,24.0,2,26678.21,5,0,6.1,0
Ford,SUV,21,120360,3.7,Diesel,Automatic,18.3,2,67252.02,3,0,7.8,1
Chevrolet,Sedan,15,134715,2.0,Electric,Manual,9.3,1,10573.57,3,0,7.3,0
BMW,SUV,0,117315,3.1,Diesel,CVT,8.7,1,54409.25,4,1,9.4,0
Mercedes,SUV,1,14485,2.5,Petrol,Automatic,14.0,4,43070.6,5,0,2.1,0
Audi,SUV,5,85089,2.2,Electric,Manual,8.3,5,41282.73,3,0,1.8,0
Ford,Sedan,10,161610,1.5,Petrol,CVT,15.2,2,22998.12,2,1,1.8,0
Audi,Sedan,19,171735,2.3,Diesel,Automatic,9.3,3,39017.21,1,1,3.0,1
Mercedes,Convertible,7,144642,1.3,Petrol,CVT,21.4,5,34620.26,2,1,1.4,1
Nissan,Coupe,4,123486,4.3,Petrol,Automatic,16.1,4,57867.05,3,1,9.1,1
Toyota,Convertible,18,103330,2.6,Electric,Manual,12.8,2,10486.19,5,1,1.6,1
BMW,Sedan,20,142109,1.9,Diesel,CVT,14.8,1,35544.59,5,1,4.6,0
Toyota,Truck,8,142285,4.7,Petrol,Automatic,18.2,3,52725.32,2,0,3.3,0
Chevrolet,Coupe,1,74922,3.8,Electric,Automatic,14.6,3,54744.31,3,0,1.9,1
Audi,Sedan,13,151958,2.9,Hybrid,Manual,9.8,2,49385.39,2,0,5.7,1
Nissan,SUV,0,84087,1.0,Hybrid,Manual,17.0,3,24855.14,5,1,3.2,0
Toyota,Truck,7,183660,4.0,Hybrid,Automatic,8.3,5,58678.5,3,1,8.4,0
Ford,Hatchback,0,22012,2.3,Petrol,Manual,21.0,2,35097.25,5,0,7.2,1
Tesla,SUV,9,67591,2.5,Petrol,CVT,13.9,5,36958.34,1,0,6.9,1
Nissan,Convertible,9,165729,2.7,Hybrid,CVT,9.9,4,5520.69,3,1,4.4,1
Hyundai,Truck,0,99039,2.6,Hybrid,CVT,24.9,5,4610.05,3,0,5.1,1
Chevrolet,Convertible,5,118419,1.4,Petrol,Manual,14.0,4,37822.47,4,1,4.4,0
BMW,Truck,3,117302,4.0,Electric,CVT,20.8,2,19389.63,1,1,7.0,0
BMW,Convertible,15,102530,1.4,Diesel,Manual,17.2,2,31684.0,1,0,4.6,0
Ford,Sedan,23,28792,2.2,Hybrid,CVT,14.8,3,17765.01,1,0,2.2,1
Tesla,SUV,22,162957,2.1,Petrol,CVT,9.0,2,46999.93,2,1,8.5,1
Nissan,Hatchback,20,141596,1.3,Diesel,Manual,11.2,3,12842.46,2,1,4.9,1
Chevrolet,Truck,22,105977,3.3,Hybrid,Automatic,11.4,5,45497.74,1,0,1.1,0
Mercedes,Coupe,5,71543,1.8,Hybrid,Automatic,23.4,1,33756.77,2,1,3.7,1
Tesla,Sedan,21,22473,4.7,Hybrid,CVT,24.9,1,32972.76,3,0,9.2,0
Chevrolet,Hatchback,1,12724,4.8,Diesel,Manual,20.5,1,27579.55,1,1,2.4,1
Chevrolet,Truck,5,119307,1.6,Hybrid,Manual,23.3,2,45303.4,1,0,9.4,0
Chevrolet,Coupe,19,63640,4.5,Petrol,CVT,10.6,3,4379.31,3,1,3.8,0
Mercedes,Coupe,18,157648,4.5,Electric,Automatic,8.0,5,45403.09,4,0,4.8,1
Honda,Convertible,4,9630,1.8,Diesel,Automatic,11.3,3,38913.67,1,1,2.0,1
Chevrolet,Truck,14,26543,3.9,Hybrid,Manual,22.5,4,16005.26,1,1,8.5,1
Chevrolet,Hatchback,15,15758,2.7,Petrol,Manual,17.6,5,21272.4,4,1,1.7,0
Honda,SUV,3,12547,2.4,Hybrid,CVT,8.7,5,37172.04,4,0,9.9,1
Ford,Sedan,16,117080,2.9,Petrol,Manual,14.8,2,45549.57,5,0,4.5,1
Tesla,Sedan,18,180588,4.5,Diesel,Automatic,9.8,1,4444.12,1,0,6.5,0
Mercedes,Coupe,4,79846,3.8,Electric,CVT,16.3,2,6913.13,3,1,4.7,0
Mercedes,Truck,12,28335,2.8,Diesel,CVT,9.0,3,30586.75,2,1,9.1,0
BMW,Convertible,5,199308,2.0,Hybrid,Manual,19.7,1,35105.15,4,1,6.5,0
Audi,SUV,11,152769,1.5,Electric,Manual,16.8,4,17670.8,4,1,7.4,1
BMW,Hatchback,18,34369,1.4,Hybrid,Manual,21.6,2,12894.56,1,0,7.8,0
Hyundai,Coupe,6,109572,2.0,Electric,Manual,14.7,4,11455.27,4,0,3.9,1
Chevrolet,Coupe,11,166509,1.2,Petrol,Manual,19.7,4,6907.83,4,1,4.9,1
Mercedes,Convertible,14,139332,5.0,Electric,Automatic,18.9,4,33979.16,1,1,7.1,0
Nissan,Coupe,11,44654,2.4,Electric,CVT,14.8,2,62006.9,2,0,6.2,1
Ford,Truck,17,15609,2.7,Petrol,Automatic,15.6,1,4283.87,1,0,2.1,0
BMW,Convertible,14,152318,4.5,Electric,CVT,17.0,2,11208.72,2,1,9.2,1
Chevrolet,Sedan,15,134715,2.0,Electric,Manual,9.3,1,9015.54,2,0,4.4,1
Mercedes,Coupe,18,157648,4.5,Electric,Automatic,8.0,5,61372.01,5,1,9.1,1
Tesla,Hatchback,21,92450,1.5,Diesel,CVT,19.9,2,24259.42,5,0,3.8,0
Chevrolet,Truck,11,105235,3.7,Electric,Manual,23.0,3,21225.31,2,0,1.4,0
Nissan,Truck,3,140361,1.8,Electric,Manual,16.4,5,47175.78,3,0,5.0,1
Nissan,Coupe,24,103076,2.3,Electric,Automatic,17.4,3,37686.55,1,1,2.6,1
BMW,SUV,1,96474,1.3,Diesel,Automatic,17.4,2,37409.32,1,0,9.1,1
Ford,Sedan,1,150040,3.7,Electric,CVT,15.9,1,5456.15,2,1,1.2,0
Toyota,SUV,0,9062,2.8,Hybrid,CVT,11.9,2,5615.67,1,0,6.0,1
Nissan,Coupe,11,44654,2.4,Electric,CVT,14.8,2,63026.39,1,0,7.6,0
BMW,SUV,21,72562,4.5,Electric,CVT,13.1,4,3645.67,1,0,4.0,0
Tesla,Coupe,5,137573,2.6,Diesel,Automatic,23.6,1,37546.27,4,0,5.3,1
Audi,Coupe,8,169743,1.7,Hybrid,CVT,20.1,3,8811.78,2,0,1.7,0
Hyundai,Truck,0,18722,2.6,Petrol,Automatic,12.0,5,18465.68,5,0,6.5,0
Ford,Convertible,6,143300,2.7,Electric,Automatic,18.6,2,13950.76,5,0,4.3,1
Nissan,Sedan,6,31992,2.0,Diesel,Automatic,12.6,3,39321.9,4,0,5.9,0
Tesla,Hatchback,10,55064,3.0,Diesel,CVT,24.8,1,18756.81,3,1,8.3,1
Chevrolet,Convertible,7,26231,1.4,Electric,CVT,13.4,4,29080.91,3,1,6.2,0
Nissan,Convertible,6,153142,3.5,Electric,Manual,18.7,3,12905.43,2,0,6.1,0
Chevrolet,Hatchback,9,9648,2.3,Petrol,Manual,9.3,1,16376.69,1,0,2.5,0
Hyundai,Hatchback,9,199097,3.6,Hybrid,Automatic,19.1,4,20055.25,4,0,8.4,1
Honda,Hatchback,22,104908,4.6,Diesel,Automatic,12.9,4,17051.04,3,0,2.1,1
Chevrolet,SUV,20,28407,2.0,Electric,Automatic,16.6,5,33010.52,1,1,3.2,1
Mercedes,Convertible,13,96105,1.6,Hybrid,CVT,15.7,5,26852.55,4,0,8.9,0
Mercedes,Convertible,16,161452,4.4,Diesel,Manual,18.9,4,35341.45,3,1,4.7,1
Chevrolet,Hatchback,4,116633,4.5,Hybrid,Automatic,23.2,2,59360.29,3,0,5.6,0
Mercedes,Coupe,13,108790,4.2,Hybrid,Manual,12.6,4,55035.58,1,0,7.9,1
Toyota,Convertible,3,91854,3.7,Diesel,CVT,8.7,2,10351.71,4,0,4.3,0
Mercedes,Hatchback,23,169124,3.5,Hybrid,CVT,22.7,4,27654.6,2,1,9.0,1
Hyundai,Convertible,4,188547,2.5,Diesel,Automatic,19.8,4,44888.55,3,1,6.1,1
BMW,Hatchback,0,22644,1.0,Diesel,CVT,19.6,5,26707.44,2,1,8.0,0
Nissan,Truck,21,39331,4.6,Diesel,Manual,24.3,3,33747.52,4,0,2.7,0
Hyundai,SUV,22,155356,3.5,Diesel,CVT,15.5,5,23285.59,5,1,8.8,1
Hyundai,Sedan,8,42272,3.1,Electric,Manual,21.0,3,63623.19,4,1,4.6,1
Toyota,Truck,21,100836,1.1,Petrol,CVT,11.5,3,34887.09,4,1,5.5,1
Chevrolet,Sedan,16,82998,4.5,Diesel,CVT,15.0,4,45071.92,3,0,4.4,0
Nissan,Coupe,23,181819,4.2,Petrol,Manual,15.2,1,50070.67,2,0,9.5,1
Tesla,Hatchback,3,100496,4.5,Electric,CVT,11.2,1,22665.74,1,1,4.7,0
Hyundai,Hatchback,17,140065,4.8,Hybrid,Manual,20.4,5,26494.6,3,0,8.2,0
Honda,Sedan,10,189162,4.7,Petrol,CVT,22.3,5,37109.73,3,1,8.8,0
BMW,Coupe,5,34984,4.4,Diesel,CVT,9.9,4,36235.82,3,1,7.3,1
Audi,Coupe,8,157863,4.7,Electric,CVT,18.2,5,25989.07,5,0,2.5,1
Tesla,Sedan,6,152302,2.1,Electric,Automatic,11.1,1,26171.64,4,0,9.4,0
BMW,SUV,17,35854,4.8,Diesel,Manual,18.1,2,16097.16,4,1,9.3,1
Chevrolet,Hatchback,9,9648,2.3,Petrol,Manual,9.3,1,21665.01,5,0,4.0,1
Hyundai,Truck,22,133424,3.9,Electric,Manual,17.4,3,22918.2,1,0,1.8,0
Toyota,SUV,10,14349,3.7,Petrol,Automatic,11.1,1,24859.94,3,0,7.1,0
Tesla,Sedan,0,177414,2.6,Petrol,Automatic,24.2,3,15150.76,4,0,4.0,0
Audi,Sedan,5,31247,1.3,Electric,CVT,23.5,2,35203.73,1,1,5.1,0
Tesla,SUV,12,103514,2.8,Electric,Manual,23.4,3,65044.51,4,0,4.6,1
Audi,Coupe,6,105301,2.7,Petrol,Manual,24.5,3,38633.3,4,0,3.0,0
Tesla,Sedan,21,7689,1.4,Diesel,CVT,20.5,5,58830.73,2,1,1.8,1
Nissan,Convertible,4,131252,3.9,Petrol,Automatic,8.2,2,71955.82,3,1,9.7,1
Tesla,Convertible,22,47974,4.9,Hybrid,CVT,22.5,4,9493.02,3,1,8.4,0
BMW,Hatchback,22,125259,3.1,Diesel,Automatic,15.6,4,62954.09,4,1,6.0,1
Chevrolet,Truck,22,105977,3.3,Hybrid,Automatic,11.4,5,52255.5,2,1,9.1,0
BMW,SUV,21,102657,3.2,Petrol,Automatic,22.3,4,3713.54,3,0,6.9,0
Nissan,SUV,11,58588,1.8,Electric,Manual,21.3,1,41408.52,3,0,3.0,1
BMW,Hatchback,12,35236,4.3,Hybrid,CVT,24.3,2,15794.21,3,0,9.9,1
BMW,Convertible,14,82349,4.1,Hybrid,Manual,10.5,1,29067.64,1,1,9.0,0
Ford,Hatchback,0,22012,2.3,Petrol,Manual,21.0,2,41483.64,4,1,5.1,1
Tesla,Coupe,22,195791,3.2,Diesel,Automatic,9.2,1,33298.27,3,1,6.2,1
Ford,Coupe,13,166300,1.2,Electric,Automatic,20.9,1,19251.92,1,1,9.5,1
Ford,Truck,22,64295,2.2,Electric,Manual,16.2,1,51519.62,1,0,3.6,0
Nissan,Truck,6,110614,2.9,Hybrid,CVT,11.5,1,22478.4,1,1,2.4,1
Chevrolet,Coupe,16,76138,3.1,Diesel,CVT,19.6,1,20730.99,1,0,2.0,1
Toyota,Truck,5,144185,2.4,Electric,Automatic,14.1,1,29751.61,1,0,7.5,1
Tesla,Hatchback,22,143380,1.0,Diesel,Automatic,8.8,2,30462.37,2,0,3.1,0
Honda,Convertible,4,9630,1.8,Diesel,Automatic,11.3,3,41241.9,3,0,5.2,0
Chevrolet,Convertible,12,164254,4.0,Electric,Manual,18.9,1,19985.35,1,1,6.1,1
Toyota,Convertible,11,80181,1.0,Petrol,Manual,22.0,1,32036.03,2,0,8.1,0
Honda,Sedan,9,66125,2.4,Electric,Manual,18.9,1,44101.22,3,0,8.3,0
Toyota,Convertible,3,168290,1.5,Diesel,Automatic,24.9,1,38721.24,5,1,9.6,1
Mercedes,Convertible,16,166456,4.7,Hybrid,Automatic,16.4,4,49117.8,3,0,9.6,1
Nissan,SUV,20,120741,3.6,Diesel,Manual,17.7,4,33635.25,1,1,5.9,0
Hyundai,SUV,0,150803,1.5,Hybrid,Manual,10.3,2,19467.02,3,0,5.0,0
Tesla,Coupe,5,137573,2.6,Diesel,Automatic,23.6,1,31259.05,3,1,3.8,1
Tesla,Coupe,4,15742,1.5,Diesel,Manual,9.2,1,15074.37,4,0,9.6,0
Toyota,Sedan,24,16409,1.4,Petrol,Automatic,22.7,1,24564.33,5,1,3.6,1
Tesla,Coupe,16,19304,4.8,Hybrid,Manual,15.4,3,22354.13,5,0,8.1,1
Hyundai,Hatchback,17,140065,4.8,Hybrid,Manual,20.4,5,23627.23,5,1,4.0,1
Nissan,Truck,2,184025,1.3,Hybrid,Manual,13.3,2,45887.9,4,1,8.1,1
Tesla,SUV,15,107966,2.4,Hybrid,Manual,21.3,1,64372.22,4,0,7.7,0
BMW,Coupe,10,193636,2.2,Diesel,CVT,20.6,3,28389.26,1,1,6.1,1
Nissan,Sedan,17,189934,1.8,Diesel,Automatic,14.7,4,71392.16,1,1,7.8,0
Nissan,Convertible,14,79287,1.1,Diesel,Automatic,20.7,1,45443.82,3,1,2.8,1
Mercedes,Sedan,15,56116,4.9,Hybrid,CVT,24.5,5,18041.58,3,1,4.0,1
Mercedes,Coupe,18,127397,2.5,Hybrid,Manual,18.9,4,51235.69,4,0,7.7,1
Honda,Hatchback,1,68828,2.6,Electric,Manual,8.6,2,8760.96,1,1,5.2,0
Honda,Truck,2,191415,3.7,Petrol,CVT,18.6,4,38070.8,2,0,1.5,1
Honda,SUV,12,73108,4.0,Hybrid,Automatic,15.0,5,29735.75,2,0,7.9,0
Tesla,Hatchback,10,55064,3.0,Diesel,CVT,24.8,1,31897.89,1,1,5.0,0
Honda,SUV,13,63578,3.4,Hybrid,Automatic,15.7,2,22135.71,3,0,4.9,0
Nissan,SUV,9,14085,2.1,Electric,Manual,14.7,4,24847.05,3,0,9.6,1
Hyundai,SUV,5,194301,4.0,Hybrid,CVT,18.5,4,8561.41,3,0,4.6,0
Mercedes,Truck,12,140260,1.1,Diesel,Manual,17.3,1,15861.18,5,0,2.1,1
Nissan,Coupe,4,123486,4.3,Petrol,Automatic,16.1,4,60880.19,2,1,5.9,1
Honda,Sedan,19,72628,4.2,Electric,CVT,9.4,1,32935.28,3,1,2.4,1
Nissan,Hatchback,9,91263,3.7,Diesel,Manual,12.1,2,63710.4,2,1,4.4,0
Tesla,Coupe,18,78543,4.7,Electric,CVT,9.1,2,4348.05,4,1,2.2,0
Chevrolet,Coupe,1,74922,3.8,Electric,Automatic,14.6,3,51055.67,2,1,1.2,0
Ford,Hatchback,17,69984,2.9,Petrol,Automatic,14.3,2,25798.29,2,1,3.5,1
Tesla,SUV,24,153057,1.8,Diesel,Manual,24.8,3,55246.18,2,1,2.1,0
BMW,Convertible,12,120563,1.9,Petrol,Automatic,10.2,2,28770.53,4,0,5.0,1
Tesla,Convertible,19,141223,4.3,Electric,CVT,11.8,3,26213.98,1,1,5.2,0
Tesla,SUV,0,127396,2.3,Petrol,Automatic,11.0,5,15564.33,5,1,9.4,1
Ford,Hatchback,13,198254,1.6,Electric,Automatic,24.9,1,15883.64,5,0,2.9,0
Nissan,Sedan,17,189934,1.8,Diesel,Automatic,14.7,4,64675.5,1,1,1.3,0
Chevrolet,Hatchback,19,186761,1.9,Diesel,Manual,24.0,1,2983.51,5,1,9.0,1
Tesla,Hatchback,22,67373,3.7,Diesel,Automatic,23.5,1,29826.5,1,0,6.3,1
Tesla,SUV,19,186699,3.8,Electric,Automatic,17.0,4,27402.53,1,1,5.8,0
Tesla,Coupe,16,19304,4.8,Hybrid,Manual,15.4,3,15518.72,3,1,8.7,0
Honda,Hatchback,1,68828,2.6,Electric,Manual,8.6,2,7276.01,2,1,1.6,0
BMW,Coupe,24,65309,1.6,Diesel,Manual,16.1,4,6056.38,5,1,1.2,0
Toyota,Sedan,1,168416,3.4,Hybrid,CVT,9.1,5,26817.67,2,1,5.4,0
Ford,Coupe,10,116076,2.3,Electric,Manual,16.9,3,44457.68,1,1,3.1,1
Audi,Sedan,6,133870,4.9,Hybrid,CVT,14.8,1,58743.3,5,0,3.0,0
Chevrolet,SUV,2,145536,4.0,Hybrid,Manual,17.4,3,27045.67,3,0,3.1,0
Ford,Truck,1,172358,1.8,Electric,Manual,22.6,2,23101.09,3,0,1.4,1
Audi,Coupe,24,196731,1.7,Hybrid,Manual,23.3,2,28102.85,4,0,8.0,1
Honda,Convertible,15,111430,3.0,Petrol,CVT,12.5,4,53878.51,1,1,4.4,1
BMW,SUV,8,101733,2.9,Diesel,Manual,13.7,5,2289.82,2,0,4.5,1
Ford,Convertible,4,146523,2.6,Hybrid,Manual,15.9,4,7275.94,2,1,9.9,1
Chevrolet,Hatchback,23,187245,2.1,Hybrid,CVT,16.5,1,66436.04,5,0,3.8,0
Tesla,Coupe,20,78851,3.7,Petrol,Manual,8.7,3,36452.68,1,1,3.7,1
BMW,Coupe,7,10644,2.6,Diesel,Manual,20.7,2,5349.9,2,0,3.2,1
Chevrolet,SUV,3,88435,1.9,Diesel,Manual,21.4,1,7817.41,2,1,8.0,0
Audi,Hatchback,8,22942,2.5,Diesel,CVT,13.0,1,65651.76,2,0,9.7,0
Chevrolet,Truck,14,26543,3.9,Hybrid,Manual,22.5,4,13496.9,1,0,4.3,1
Tesla,SUV,19,196593,4.1,Petrol,Automatic,15.5,1,30129.26,2,1,3.0,1
Ford,Hatchback,11,16322,4.1,Diesel,Automatic,21.8,4,3983.56,5,1,7.9,1
Toyota,Coupe,1,62210,2.8,Diesel,Automatic,11.2,3,42640.14,3,0,8.8,1
Toyota,Truck,5,144185,2.4,Electric,Automatic,14.1,1,35646.07,3,1,5.6,1
Toyota,Convertible,9,25435,3.2,Electric,CVT,10.4,3,14551.49,2,1,8.8,1
Mercedes,Truck,24,110705,2.8,Diesel,Automatic,24.1,4,32676.65,2,0,3.2,0
Mercedes,SUV,17,99374,1.2,Electric,Automatic,18.4,2,64106.22,1,0,7.5,0
Audi,Sedan,6,133870,4.9,Hybrid,CVT,14.8,1,66121.09,2,0,2.5,0
Audi,Hatchback,21,29341,3.1,Diesel,Manual,22.5,2,13674.43,3,0,2.9,0
Audi,SUV,20,26871,4.2,Diesel,CVT,14.6,2,2768.59,3,1,3.9,1
Chevrolet,Sedan,15,120781,4.2,Hybrid,Manual,21.6,5,63402.67,1,1,2.2,1
Tesla,Convertible,9,34925,1.4,Hybrid,Automatic,14.4,5,26476.76,1,0,4.7,0
Nissan,SUV,14,198732,2.1,Electric,Automatic,20.7,1,45617.69,2,1,8.7,0
Mercedes,Sedan,24,72505,2.0,Petrol,CVT,22.3,5,38859.7,4,1,9.5,1
Toyota,Convertible,20,96136,2.8,Diesel,Automatic,19.5,4,6069.68,3,0,9.2,1
Toyota,Convertible,18,103330,2.6,Electric,Manual,12.8,2,8080.66,1,0,8.5,0
Audi,Convertible,8,138184,3.1,Hybrid,Manual,14.7,2,22178.1,4,0,5.1,0
Nissan,Truck,8,175089,1.3,Petrol,Manual,21.0,1,38516.03,4,0,8.9,1
Ford,Sedan,17,95025,4.7,Petrol,CVT,8.4,5,30419.33,5,1,4.2,0
Honda,Coupe,10,172374,1.9,Diesel,CVT,17.2,5,12917.58,1,0,8.1,0
Nissan,Convertible,13,183409,4.1,Hybrid,CVT,18.8,2,27557.61,5,1,7.3,1
Honda,Sedan,19,183138,4.4,Diesel,Manual,16.2,3,33459.78,5,1,6.7,0
Mercedes,Truck,24,110705,2.8,Diesel,Automatic,24.1,4,43886.56,2,1,6.4,1
Ford,Sedan,15,175459,2.4,Diesel,CVT,20.8,4,4269.0,2,0,7.2,1
Audi,Hatchback,9,48769,1.2,Diesel,Manual,11.0,5,23740.61,3,0,8.8,0
Mercedes,Truck,12,140260,1.1,Diesel,Manual,17.3,1,15901.4,4,1,2.6,1
BMW,SUV,8,101733,2.9,Diesel,Manual,13.7,5,2615.12,3,0,1.1,1
Tesla,Hatchback,8,34956,3.3,Petrol,Manual,16.9,5,38534.46,3,1,1.2,1
Tesla,Sedan,21,7689,1.4,Diesel,CVT,20.5,5,61538.21,1,1,4.3,1
Ford,Convertible,4,102404,3.3,Electric,Manual,23.1,5,46476.27,2,0,7.6,0
Nissan,Convertible,11,74156,2.7,Diesel,Manual,16.0,4,4740.23,2,0,8.7,0
Honda,Truck,24,179014,4.7,Electric,Automatic,11.7,5,17840.02,2,1,9.3,0
Tesla,Hatchback,10,75212,2.7,Electric,Manual,12.2,1,39597.86,2,1,3.7,1
Mercedes,Truck,2,125716,4.3,Electric,CVT,14.8,4,30769.86,2,1,4.3,0
Toyota,Hatchback,22,156324,2.0,Electric,CVT,17.7,5,15071.01,4,1,3.5,1
Ford,Hatchback,14,49386,4.0,Petrol,CVT,11.5,4,37982.26,3,1,6.8,1
Mercedes,Convertible,16,58393,2.4,Diesel,CVT,24.7,2,19495.61,1,1,7.7,1
Mercedes,Convertible,17,24732,1.6,Electric,CVT,17.3,2,5663.8,3,0,5.4,0
Mercedes,Sedan,13,19178,2.5,Diesel,Manual,17.3,2,15397.98,3,0,7.1,1
Hyundai,SUV,17,130609,1.9,Electric,CVT,10.1,1,75826.44,4,1,2.9,1
Hyundai,Truck,0,47046,2.6,Electric,Automatic,24.9,5,9329.73,2,0,6.6,0
Audi,Truck,8,43732,4.7,Electric,Automatic,18.2,4,37958.17,1,1,6.1,0
Ford,Truck,23,148963,1.6,Petrol,Manual,23.7,2,14580.82,4,0,3.6,0
BMW,Convertible,12,120563,1.9,Petrol,Automatic,10.2,2,34273.33,4,0,7.8,0
BMW,Sedan,4,69699,4.5,Electric,Automatic,17.1,4,47633.53,1,0,4.2,0
Nissan,SUV,17,22373,4.7,Hybrid,Automatic,21.3,4,3980.22,2,0,8.1,0
Mercedes,Truck,2,125716,4.3,Electric,CVT,14.8,4,22638.66,4,1,8.1,0
Chevrolet,Coupe,18,40129,4.1,Electric,Automatic,24.8,1,29336.11,1,1,4.5,0
Hyundai,Truck,2,80925,1.6,Petrol,Manual,10.6,5,31266.03,5,1,7.4,0
Hyundai,Coupe,14,81827,2.0,Hybrid,CVT,18.6,4,20908.89,3,1,5.6,1
Audi,Sedan,2,102745,4.0,Hybrid,CVT,11.3,4,47257.45,5,0,6.7,1
Honda,Coupe,15,131102,2.3,Electric,Manual,11.5,2,7596.42,5,0,6.8,0
Toyota,Truck,21,100836,1.1,Petrol,CVT,11.5,3,24353.09,4,0,5.7,0
Tesla,Truck,7,29641,2.9,Electric,CVT,17.3,1,12918.43,1,1,6.8,0
Chevrolet,Sedan,8,58222,2.7,Hybrid,Automatic,12.6,4,30575.38,1,0,7.0,1
Toyota,SUV,17,10925,1.4,Petrol,CVT,11.0,3,11983.35,1,1,1.5,1
BMW,Sedan,20,170604,5.0,Hybrid,Automatic,11.3,1,19545.27,2,1,1.3,1
Mercedes,Coupe,1,38268,2.5,Diesel,Automatic,10.2,2,6443.95,1,0,3.6,0
BMW,Coupe,24,65309,1.6,Diesel,Manual,16.1,4,4315.12,5,0,7.4,1
BMW,Coupe,15,5008,4.6,Electric,Manual,9.4,2,5166.47,3,1,2.4,1
Honda,Coupe,5,102193,3.4,Petrol,CVT,19.0,1,45958.95,3,1,1.9,1
Mercedes,Convertible,6,16173,4.7,Electric,Manual,23.0,4,59413.0,3,0,3.6,1
Tesla,SUV,24,153057,1.8,Diesel,Manual,24.8,3,69527.11,2,0,4.4,1
Hyundai,Truck,0,99039,2.6,Hybrid,CVT,24.9,5,5023.8,2,1,5.1,0
Hyundai,SUV,14,113000,1.2,Petrol,Manual,13.8,3,55802.57,2,0,4.5,0
Audi,Hatchback,7,91766,2.3,Diesel,CVT,22.3,5,20535.97,3,1,1.2,0
BMW,5 Series,2,15000,2.0,Petrol,Automatic,12.5,1,450000.0,5,0,9.0,1
Audi,Q5,3,20000,2.2,Diesel,Automatic,13.0,1,500000.0,4,0,9.2,1
Mercedes,E-Class,4,25000,2.1,Diesel,Automatic,11.5,1,550000.0,4,0,9.3,1
Jaguar,XF,3,22000,2.0,Petrol,Automatic,11.0,1,480000.0,4,0,9.1,1
Toyota,Fortuner,2,18000,2.8,Diesel,Manual,13.5,1,380000.0,5,0,8.9,1
Skoda,Superb,3,21000,1.8,Petrol,Automatic,14.5,1,320000.0,4,0,8.8,1
Hyundai,Tucson,2,17000,2.0,Diesel,Automatic,15.0,1,290000.0,4,0,9.0,1
Mahindra,XUV700,1,12000,2.2,Diesel,Manual,16.0,0,340000.0,5,0,9.5,1
Kia,Carnival,3,23000,2.2,Diesel,Automatic,12.0,1,360000.0,4,0,8.7,1
Toyota,Innova Crysta,2,16000,2.4,Diesel,Manual,14.0,1,310000.0,5,0,8.9,1
Tesla,Model Y,6,91227,2500.0,Petrol,Manual,19.0,0,910783.0,0,0,7.5,0
Honda,Jazz,10,19115,3000.0,Electric,Automatic,0.0,2,47201.0,1,0,8.7,1
Tata,Punch,2,82333,2500.0,Hybrid,Manual,20.0,2,677057.0,0,0,10.0,1
Jaguar,F-Type,10,59136,1500.0,Petrol,Automatic,9.0,0,6263.0,1,1,8.6,0
Toyota,Glanza,10,58383,0.0,Diesel,Automatic,16.0,0,-8020.0,1,0,9.1,1
Hyundai,Creta,1,107845,0.0,Petrol,Automatic,13.0,2,710602.0,1,0,7.1,0
BMW,X1,7,109598,1200.0,Petrol,Automatic,17.0,0,825832.0,1,1,8.3,1
Audi,Q3,8,71540,3000.0,Diesel,Automatic,11.0,0,539415.0,1,1,9.3,1
Tesla,Model Y,10,18629,1500.0,Petrol,Automatic,11.0,0,-119174.0,1,1,8.0,0
Mercedes,GLE,10,110681,2000.0,Electric,Manual,0.0,2,-314329.0,1,1,6.9,1
BMW,5 Series,9,59054,0.0,Diesel,Automatic,14.0,0,179397.0,1,0,8.4,0
Hyundai,Creta,5,52083,1200.0,Petrol,Automatic,9.0,0,260681.0,1,1,9.5,0
Hyundai,Verna,1,46699,2500.0,Petrol,Automatic,14.0,2,500515.0,1,1,7.8,1
Tata,Punch,8,77243,2200.0,Petrol,Manual,13.0,2,-64434.0,1,1,7.0,0
Tata,Punch,5,14024,2200.0,Electric,Automatic,0.0,1,550971.0,1,0,9.6,0
Hyundai,Verna,8,64251,0.0,Diesel,Automatic,10.0,0,114273.0,1,1,7.8,1
Kia,Sonet,4,12203,2000.0,Electric,Manual,0.0,1,585809.0,0,0,7.8,1
Jaguar,F-Type,4,71770,2500.0,Diesel,Manual,20.0,1,1404766.0,1,0,7.5,0
Tata,Punch,8,88697,1200.0,Electric,Automatic,0.0,0,64808.0,0,1,9.7,0
Tesla,Model 3,0,14536,2500.0,Hybrid,Manual,16.0,2,2114221.0,1,0,7.3,0
Honda,Jazz,6,86214,0.0,Diesel,Automatic,17.0,2,564569.0,1,1,9.5,0
Tesla,Model Y,7,84283,2000.0,Electric,Manual,0.0,2,545488.0,0,0,6.6,0
Toyota,Innova,6,26514,3000.0,Diesel,Automatic,10.0,0,562385.0,1,0,9.5,1
Tata,Harrier,10,9973,2200.0,Diesel,Manual,9.0,0,29531.0,0,1,9.7,0
Toyota,Innova,9,116782,1800.0,Petrol,Automatic,9.0,2,76006.0,0,0,7.8,0
Toyota,Innova,4,59632,1200.0,Petrol,Automatic,10.0,1,734657.0,1,0,9.4,0
Maruti,Baleno,10,89004,0.0,Diesel,Manual,16.0,1,-79203.0,0,1,7.8,0
Audi,Q5,8,47478,2200.0,Hybrid,Automatic,20.0,0,498301.0,0,0,6.9,0
Audi,Q5,9,51072,2500.0,Hybrid,Automatic,20.0,0,226239.0,1,1,7.7,1
Tesla,Model 3,3,96680,2500.0,Electric,Automatic,0.0,0,1668993.0,1,1,8.5,0
Toyota,Camry,8,51414,3000.0,Diesel,Automatic,13.0,1,378650.0,0,0,8.5,0
Tata,Nexon,3,25494,1200.0,Diesel,Manual,19.0,2,421326.0,0,0,8.9,1
Mercedes,GLA,2,79456,3000.0,Electric,Manual,0.0,1,1912065.0,1,1,8.3,0
Honda,Amaze,7,32104,1500.0,Electric,Automatic,0.0,0,477801.0,1,0,9.6,0
Toyota,Camry,6,106149,1800.0,Hybrid,Automatic,12.0,0,548182.0,1,0,8.2,0
Mercedes,C-Class,2,62678,2200.0,Diesel,Automatic,19.0,2,1676651.0,0,0,6.7,1
Honda,Amaze,5,23018,2200.0,Electric,Automatic,0.0,2,596746.0,1,1,9.2,0
Tesla,Model 3,3,28329,1500.0,Electric,Manual,0.0,0,1789878.0,1,1,7.3,0
Toyota,Innova,2,14573,2200.0,Diesel,Automatic,10.0,2,975097.0,1,1,9.1,1
Jaguar,F-Pace,2,112593,0.0,Electric,Manual,0.0,0,2052906.0,1,0,8.8,0
Kia,Seltos,0,41600,1500.0,Hybrid,Automatic,20.0,2,668066.0,1,1,6.5,0
Toyota,Glanza,4,41655,0.0,Petrol,Automatic,17.0,1,850744.0,1,0,8.3,0
Jaguar,XF,0,38321,1200.0,Electric,Automatic,0.0,1,2405859.0,1,1,6.6,1
BMW,5 Series,5,107998,2000.0,Hybrid,Manual,17.0,1,1217114.0,1,0,7.0,0
Jaguar,F-Pace,8,83825,2200.0,Diesel,Manual,20.0,0,651739.0,0,1,9.2,1
Audi,Q5,4,70925,1200.0,Petrol,Automatic,19.0,2,1380160.0,1,0,9.7,1
Jaguar,XF,6,102352,2500.0,Diesel,Automatic,18.0,1,934415.0,1,1,7.4,1
BMW,5 Series,6,30169,0.0,Electric,Manual,0.0,2,915751.0,0,0,6.9,0
Tesla,Model Y,2,22703,1200.0,Diesel,Manual,15.0,0,2010412.0,0,0,7.3,1
Audi,Q3,4,84885,0.0,Petrol,Manual,9.0,0,1351396.0,1,1,9.2,0
Kia,Seltos,1,21724,3000.0,Diesel,Automatic,17.0,0,825164.0,0,0,9.9,0
Tata,Nexon,6,58498,2500.0,Petrol,Manual,20.0,0,270317.0,0,1,9.4,1
Honda,Amaze,2,37538,1200.0,Diesel,Automatic,14.0,2,1113765.0,0,1,7.7,0
Audi,Q5,9,45173,2500.0,Petrol,Automatic,12.0,2,130689.0,0,1,6.7,0
Toyota,Camry,3,74052,2500.0,Petrol,Automatic,17.0,0,1243507.0,1,1,9.2,1
Jaguar,F-Type,1,17778,1800.0,Hybrid,Manual,9.0,0,2263600.0,0,0,8.4,0
BMW,3 Series,6,55090,2500.0,Petrol,Manual,10.0,0,925780.0,0,0,9.9,0
Toyota,Camry,1,106242,2000.0,Petrol,Manual,9.0,2,1247194.0,0,0,9.4,1
Maruti,Dzire,3,19523,2200.0,Petrol,Manual,11.0,0,613235.0,1,1,8.6,0
Tata,Nexon,4,79826,3000.0,Hybrid,Manual,10.0,1,373761.0,0,0,9.1,1
Kia,Carens,4,59174,0.0,Hybrid,Manual,16.0,0,511871.0,0,1,9.0,1
Honda,Amaze,1,5807,3000.0,Electric,Manual,0.0,2,1210079.0,0,0,7.0,1
Jaguar,XE,9,20595,0.0,Hybrid,Automatic,13.0,2,-132646.0,1,1,9.9,1
Kia,Seltos,4,72776,1200.0,Petrol,Manual,13.0,1,570956.0,1,1,8.7,0
Kia,Carens,3,40777,3000.0,Electric,Automatic,0.0,1,588953.0,0,0,8.9,0
Jaguar,F-Type,1,106960,0.0,Electric,Automatic,0.0,2,1932555.0,1,1,7.1,0
Mercedes,GLE,4,98621,2000.0,Diesel,Automatic,9.0,0,1499884.0,0,0,9.4,0
Jaguar,XF,5,95899,2000.0,Electric,Automatic,0.0,1,1147665.0,1,0,9.0,1
Toyota,Fortuner,4,119012,1800.0,Petrol,Automatic,15.0,1,910005.0,1,1,8.5,1
Toyota,Glanza,4,78516,2000.0,Petrol,Automatic,14.0,2,926968.0,0,1,9.1,0
Toyota,Glanza,10,38382,1500.0,Electric,Manual,0.0,1,-150299.0,1,0,9.4,1
Jaguar,XF,2,26609,1200.0,Hybrid,Manual,17.0,2,1753668.0,0,0,6.7,0
Mercedes,GLA,5,11102,2500.0,Hybrid,Automatic,14.0,1,1281412.0,1,0,7.7,1
Maruti,Baleno,6,82632,1200.0,Diesel,Manual,19.0,0,317170.0,1,1,7.3,0
BMW,X1,10,84626,1200.0,Diesel,Automatic,10.0,0,140923.0,0,1,7.1,1
BMW,X1,7,84915,0.0,Hybrid,Automatic,10.0,2,555105.0,1,1,8.9,0
Audi,Q3,8,117934,2200.0,Electric,Manual,0.0,2,324568.0,1,1,8.9,1
Mercedes,GLA,1,71087,0.0,Petrol,Manual,12.0,0,2173913.0,0,1,9.9,1
Audi,Q3,5,74614,1800.0,Electric,Automatic,0.0,2,994842.0,1,0,7.7,1
Audi,A4,4,112508,2000.0,Hybrid,Manual,15.0,1,1280920.0,0,1,7.8,0
Kia,Carens,3,88651,1500.0,Hybrid,Automatic,11.0,1,676388.0,0,1,7.7,0
Kia,Carens,1,98630,1500.0,Petrol,Manual,13.0,1,674476.0,1,0,7.4,0
Tesla,Model X,2,50126,3000.0,Diesel,Manual,12.0,2,1759747.0,0,1,7.0,1
Hyundai,Venue,8,82626,1800.0,Hybrid,Manual,15.0,2,220480.0,0,0,8.2,0
Kia,Carens,9,106985,3000.0,Electric,Automatic,0.0,0,30539.0,1,1,8.2,1
Kia,Seltos,1,74963,2500.0,Diesel,Manual,17.0,2,541826.0,0,0,8.6,0
Audi,Q3,2,26907,2500.0,Hybrid,Manual,20.0,1,1899091.0,1,1,9.5,1
Jaguar,F-Pace,1,25069,2000.0,Hybrid,Manual,9.0,0,2420059.0,1,1,10.0,0
Kia,Seltos,2,109551,0.0,Hybrid,Automatic,16.0,0,764195.0,1,0,8.4,0
Maruti,Swift,4,99882,2200.0,Electric,Automatic,0.0,1,581265.0,1,1,9.4,0
Tata,Harrier,4,65381,2000.0,Petrol,Automatic,17.0,1,509673.0,1,0,6.8,1
Hyundai,i20,5,17690,2500.0,Petrol,Manual,10.0,2,322006.0,1,0,8.7,1
Tata,Safari,9,61481,0.0,Diesel,Automatic,11.0,1,182693.0,0,1,9.3,1
Honda,Amaze,5,103562,0.0,Petrol,Automatic,16.0,0,763508.0,1,0,9.3,0
Tesla,Model Y,1,37855,2000.0,Electric,Manual,0.0,1,2167029.0,1,1,7.7,0
Tata,Nexon,2,40103,1500.0,Hybrid,Manual,18.0,0,616160.0,0,1,8.9,1
Audi,Q5,10,40328,1500.0,Petrol,Manual,13.0,1,-243382.0,1,1,7.2,0
Honda,Jazz,3,10670,1200.0,Petrol,Manual,14.0,0,1176307.0,1,1,7.8,1
Honda,Jazz,8,72616,2200.0,Diesel,Manual,9.0,1,323580.0,1,1,7.2,0
Tesla,Model S,8,77200,1800.0,Electric,Automatic,0.0,2,272098.0,0,0,9.1,0
Hyundai,Venue,8,80376,0.0,Hybrid,Automatic,13.0,2,9242.0,0,1,9.8,1
Mercedes,GLA,0,49102,1800.0,Diesel,Automatic,11.0,1,2470172.0,1,1,9.9,1
Toyota,Innova,7,88092,2000.0,Petrol,Manual,13.0,2,498265.0,0,0,9.1,1
Tata,Safari,9,48456,1800.0,Diesel,Automatic,20.0,0,11060.0,0,1,6.9,0
Tata,Safari,6,67597,2500.0,Diesel,Manual,9.0,2,347870.0,1,0,7.6,1
Jaguar,F-Type,0,115459,1200.0,Hybrid,Automatic,19.0,0,2357994.0,0,1,7.5,0
Toyota,Innova,9,104515,2200.0,Hybrid,Automatic,19.0,2,-18571.0,1,0,8.4,1
Jaguar,XE,4,111422,3000.0,Hybrid,Manual,17.0,1,1275304.0,1,1,9.4,1
Kia,Seltos,8,66550,1200.0,Petrol,Manual,11.0,1,247586.0,0,1,8.7,1
Tesla,Model S,4,60473,1500.0,Diesel,Manual,11.0,1,1466111.0,1,1,9.3,0
Tesla,Model X,9,93726,2000.0,Diesel,Manual,13.0,1,248968.0,1,0,7.7,1
Kia,Seltos,4,110743,2200.0,Petrol,Manual,11.0,2,459160.0,1,0,7.4,0
Maruti,Baleno,3,98344,1800.0,Electric,Automatic,0.0,0,455174.0,1,1,7.8,1
Tata,Harrier,5,24766,1500.0,Diesel,Automatic,14.0,0,364079.0,1,1,9.1,0
Jaguar,XF,0,111974,2000.0,Hybrid,Manual,20.0,2,2147022.0,0,1,8.4,1
Kia,Carens,1,64478,1500.0,Petrol,Manual,12.0,1,821843.0,1,0,9.3,1
Honda,City,9,95940,0.0,Petrol,Automatic,17.0,1,1167.0,0,0,7.5,1
Mercedes,GLA,5,96592,2200.0,Electric,Automatic,0.0,1,1226052.0,0,0,8.2,0
BMW,X1,4,39033,1200.0,Petrol,Manual,15.0,1,1229665.0,1,0,6.9,1
Audi,Q3,10,110333,1200.0,Petrol,Automatic,16.0,2,-123419.0,0,0,9.5,1
Toyota,Camry,2,100525,1500.0,Hybrid,Automatic,17.0,1,1045191.0,0,0,8.9,0
Audi,Q7,10,12065,1800.0,Diesel,Manual,12.0,1,42129.0,0,1,8.3,0
Tesla,Model Y,0,71959,0.0,Diesel,Manual,20.0,0,2695651.0,1,0,8.7,0
Tesla,Model Y,10,80326,1200.0,Hybrid,Automatic,19.0,2,-57552.0,0,1,9.0,1
Tata,Safari,3,77268,1200.0,Electric,Automatic,0.0,0,577874.0,1,0,6.6,1
Honda,Amaze,0,110181,1200.0,Diesel,Manual,15.0,2,1380257.0,0,1,8.9,1
Audi,Q7,0,112941,3000.0,Hybrid,Automatic,18.0,2,2369975.0,0,0,7.5,0
Mercedes,E-Class,5,92030,3000.0,Diesel,Automatic,19.0,0,1130638.0,0,1,7.9,1
BMW,5 Series,10,65522,2500.0,Hybrid,Automatic,17.0,0,94041.0,1,0,7.3,1
Jaguar,F-Pace,5,97740,3000.0,Hybrid,Automatic,16.0,0,1439222.0,0,1,9.0,0
Toyota,Innova,2,38134,0.0,Hybrid,Manual,16.0,2,1092992.0,0,0,7.7,0
Jaguar,F-Type,6,37548,2500.0,Electric,Automatic,0.0,1,758830.0,1,0,8.7,0
Honda,Amaze,0,60949,2200.0,Hybrid,Automatic,15.0,0,1690268.0,0,0,6.9,1
Audi,A4,9,7013,0.0,Electric,Automatic,0.0,2,61701.0,1,0,7.9,1
Tesla,Model S,7,15834,0.0,Diesel,Automatic,12.0,1,597246.0,0,0,9.8,0
Kia,Sonet,3,79415,1200.0,Petrol,Automatic,16.0,1,435802.0,1,0,7.9,0
Tesla,Model Y,8,7149,1200.0,Hybrid,Automatic,11.0,1,303907.0,0,1,7.8,1
Tesla,Model S,1,29959,1500.0,Electric,Automatic,0.0,0,2295963.0,1,0,9.1,1
BMW,X1,10,58389,2200.0,Hybrid,Automatic,17.0,0,164657.0,0,1,8.0,1
Maruti,Swift,4,28664,1800.0,Petrol,Automatic,19.0,2,382244.0,0,0,7.4,1
Maruti,Swift,4,83038,2200.0,Hybrid,Automatic,16.0,2,399768.0,0,1,7.3,0
Toyota,Glanza,6,87541,2200.0,Diesel,Automatic,16.0,1,678528.0,0,0,7.9,1
Hyundai,Creta,7,28602,1800.0,Petrol,Automatic,10.0,2,298848.0,0,1,9.3,1
Hyundai,i20,2,46416,2200.0,Diesel,Manual,11.0,2,653184.0,1,1,6.9,1
BMW,5 Series,6,40091,0.0,Diesel,Manual,9.0,1,800251.0,0,1,9.2,1
Toyota,Fortuner,1,67965,1200.0,Petrol,Automatic,10.0,2,1179640.0,0,0,7.8,0
Toyota,Fortuner,4,116119,2200.0,Petrol,Manual,12.0,0,796995.0,0,1,9.0,0
Kia,Carens,10,77175,2000.0,Electric,Manual,0.0,1,76550.0,1,1,7.1,0
Kia,Sonet,8,44169,1800.0,Electric,Manual,0.0,1,202428.0,1,1,8.4,0
Toyota,Innova,4,55131,0.0,Petrol,Automatic,20.0,2,800423.0,1,0,7.1,0
Jaguar,F-Pace,3,27956,2500.0,Hybrid,Manual,12.0,2,1588126.0,1,1,9.1,0
Tata,Safari,4,96723,2000.0,Hybrid,Automatic,13.0,1,534417.0,0,0,9.4,0
Kia,Sonet,8,53288,2500.0,Electric,Automatic,0.0,1,50121.0,1,0,8.9,0
Mercedes,GLA,6,37135,2000.0,Electric,Manual,0.0,2,943512.0,0,0,7.5,0
Jaguar,F-Type,5,49733,0.0,Petrol,Automatic,19.0,1,991984.0,0,0,7.2,0
Toyota,Glanza,0,89485,2000.0,Electric,Manual,0.0,1,1321969.0,1,0,9.3,0
Mercedes,GLE,3,31212,0.0,Electric,Manual,0.0,0,1897298.0,0,0,9.3,1
Audi,Q3,9,82566,2000.0,Hybrid,Manual,18.0,0,182960.0,0,0,9.3,0
Jaguar,F-Type,7,56133,1500.0,Electric,Manual,0.0,1,499091.0,0,1,9.8,0
Maruti,Vitara Brezza,4,70923,1200.0,Electric,Manual,0.0,2,259410.0,1,1,9.3,0
BMW,Z4,8,71159,2000.0,Petrol,Automatic,12.0,2,339467.0,1,0,8.8,1
Jaguar,XF,5,113863,2000.0,Diesel,Automatic,20.0,0,1147249.0,1,1,7.4,1
Mercedes,GLA,3,22457,2500.0,Electric,Automatic,0.0,2,1668068.0,1,0,6.6,1
BMW,3 Series,1,37178,2500.0,Petrol,Manual,17.0,0,2391644.0,1,1,8.7,1
Maruti,Vitara Brezza,0,115696,2000.0,Petrol,Manual,16.0,1,627510.0,1,0,9.6,1
Hyundai,Verna,7,117373,2200.0,Electric,Automatic,0.0,0,363703.0,1,0,7.2,1
Tesla,Model S,2,84972,0.0,Petrol,Manual,16.0,0,1994878.0,0,0,8.6,1
Toyota,Innova,6,35539,2500.0,Electric,Automatic,0.0,2,395925.0,1,1,8.2,0
Maruti,Dzire,9,19534,1500.0,Diesel,Automatic,16.0,0,-41232.0,0,1,7.3,0
Kia,Sonet,6,59331,1200.0,Electric,Automatic,0.0,2,435712.0,0,0,9.4,0
Kia,Seltos,4,64072,1200.0,Hybrid,Manual,17.0,2,485369.0,1,0,9.6,0
Tata,Punch,2,68904,2200.0,Petrol,Manual,16.0,1,590209.0,1,0,6.6,0
Kia,Sonet,2,94612,2500.0,Diesel,Automatic,15.0,0,652003.0,1,1,8.1,0
Hyundai,Creta,4,44322,1800.0,Hybrid,Automatic,14.0,1,560236.0,1,0,9.6,1
Kia,Sonet,10,113583,1500.0,Petrol,Manual,16.0,2,-3236.0,0,1,6.5,0
Maruti,Baleno,1,87104,2200.0,Diesel,Manual,9.0,2,536586.0,0,1,9.5,1
Tata,Nexon,3,35533,1500.0,Petrol,Manual,14.0,2,575376.0,1,1,7.6,0
Kia,Seltos,2,49801,2500.0,Petrol,Automatic,18.0,2,440908.0,1,0,7.6,0
Tata,Harrier,10,74546,2000.0,Electric,Automatic,0.0,0,43915.0,1,0,9.9,0
Tata,Harrier,8,27011,0.0,Petrol,Automatic,19.0,1,178460.0,1,1,9.1,0
Kia,Carens,9,108856,0.0,Hybrid,Manual,18.0,1,203245.0,1,1,7.8,0
Mercedes,GLA,0,46565,2500.0,Electric,Automatic,0.0,2,2239885.0,0,1,8.7,1
BMW,X1,6,96312,2200.0,Hybrid,Manual,10.0,0,890330.0,1,0,6.5,1
Audi,Q3,4,61868,3000.0,Diesel,Manual,19.0,1,1522210.0,0,0,8.9,1
Honda,Amaze,2,87156,2200.0,Petrol,Manual,15.0,2,1207992.0,0,0,7.9,1
Audi,A6,8,3268,2200.0,Diesel,Automatic,10.0,1,423746.0,1,0,8.3,1
Kia,Seltos,7,33803,1800.0,Petrol,Automatic,12.0,0,391707.0,0,0,9.0,0
Mercedes,GLA,5,3116,1200.0,Diesel,Manual,15.0,0,1363287.0,1,1,7.2,0
Jaguar,XE,4,42513,0.0,Hybrid,Manual,14.0,2,1438519.0,1,0,8.5,1
Jaguar,XE,0,26753,1200.0,Electric,Manual,0.0,2,2149838.0,1,0,8.9,0
Toyota,Glanza,3,45578,3000.0,Electric,Automatic,0.0,1,1088418.0,1,1,8.3,1
Hyundai,Verna,3,72245,0.0,Hybrid,Automatic,11.0,1,541178.0,1,1,9.0,1
Maruti,Swift,2,6995,2500.0,Hybrid,Automatic,15.0,1,615595.0,1,1,9.0,0
Honda,Amaze,2,39133,2200.0,Petrol,Automatic,15.0,0,1378264.0,1,1,7.2,0
Tata,Harrier,0,45060,2500.0,Hybrid,Manual,16.0,2,830869.0,0,0,8.2,0
Hyundai,Creta,4,23672,1200.0,Hybrid,Automatic,11.0,1,379628.0,0,0,7.8,1
Kia,Seltos,0,89381,0.0,Diesel,Manual,14.0,0,738014.0,0,0,7.7,1
Audi,Q5,10,83372,3000.0,Electric,Automatic,0.0,2,-203838.0,0,1,7.4,1
Audi,Q7,7,70020,0.0,Diesel,Automatic,16.0,1,680899.0,1,0,9.9,0
Hyundai,i20,2,43239,1800.0,Hybrid,Automatic,20.0,0,701744.0,0,1,8.7,0
Toyota,Innova,7,79057,2500.0,Petrol,Manual,11.0,0,324993.0,0,0,7.6,0
BMW,3 Series,6,17919,3000.0,Petrol,Manual,19.0,2,636570.0,1,0,9.7,0
Toyota,Fortuner,7,101015,3000.0,Electric,Manual,0.0,1,525651.0,0,0,7.9,1
Tesla,Model X,1,62189,1200.0,Diesel,Automatic,10.0,0,2142512.0,1,1,7.9,0
Audi,Q5,2,87426,0.0,Hybrid,Automatic,9.0,0,2041726.0,1,1,9.1,0
Hyundai,Creta,7,33137,1800.0,Diesel,Manual,15.0,2,158940.0,0,1,8.9,0
Jaguar,XF,6,97468,1800.0,Electric,Automatic,0.0,1,1040754.0,1,1,7.4,1
Jaguar,F-Pace,6,104056,1800.0,Petrol,Manual,12.0,2,713006.0,1,1,8.1,0
Kia,Carens,0,18658,1800.0,Electric,Automatic,0.0,2,628760.0,0,1,7.4,0
BMW,3 Series,5,12955,2200.0,Hybrid,Manual,16.0,0,1232716.0,1,0,8.9,1
Toyota,Camry,1,7867,0.0,Hybrid,Automatic,13.0,1,1177878.0,1,0,6.6,1
Kia,Carens,6,70784,2500.0,Diesel,Manual,12.0,1,214951.0,0,1,8.9,0
Audi,Q5,3,48284,1500.0,Electric,Manual,0.0,2,1364860.0,0,1,6.7,0
BMW,X1,8,39753,3000.0,Diesel,Manual,13.0,0,456253.0,1,1,8.8,0
Toyota,Innova,9,36813,2000.0,Petrol,Manual,19.0,0,183142.0,1,0,8.3,1
Kia,Carens,1,45615,2500.0,Electric,Manual,0.0,1,719266.0,1,0,7.5,1
Jaguar,F-Pace,7,58922,2000.0,Hybrid,Manual,15.0,1,577198.0,0,1,9.5,0
Tata,Punch,0,85694,1200.0,Hybrid,Automatic,12.0,2,672025.0,1,1,9.2,1
Toyota,Fortuner,6,41198,2200.0,Electric,Automatic,0.0,0,752791.0,1,1,7.2,1
Honda,Amaze,0,39935,2200.0,Hybrid,Manual,17.0,2,1412992.0,0,1,7.6,1
Kia,Sonet,8,91670,2000.0,Diesel,Manual,16.0,0,356419.0,0,1,6.8,1
Maruti,Baleno,2,70219,2500.0,Electric,Manual,0.0,0,786935.0,1,1,6.8,0
Jaguar,XF,2,50025,3000.0,Electric,Automatic,0.0,1,1819396.0,0,1,9.4,1
Honda,Jazz,10,87372,3000.0,Diesel,Automatic,10.0,2,-165217.0,0,0,9.0,1
BMW,3 Series,10,51832,2500.0,Electric,Automatic,0.0,2,-212858.0,1,1,8.1,0
Maruti,Dzire,6,95764,3000.0,Diesel,Automatic,12.0,1,156411.0,1,0,7.0,1
Tesla,Model 3,8,101250,1800.0,Hybrid,Manual,17.0,2,401700.0,1,1,7.9,0
Mercedes,C-Class,7,113497,2000.0,Petrol,Manual,20.0,2,399245.0,0,1,6.5,1
Kia,Sonet,9,116548,1200.0,Hybrid,Manual,10.0,0,-42721.0,0,0,8.1,0
Tesla,Model S,1,56383,2200.0,Diesel,Manual,16.0,1,2126872.0,1,0,7.2,1
Toyota,Glanza,2,89995,3000.0,Electric,Manual,0.0,0,1127428.0,1,0,6.9,1
Mercedes,GLA,10,96037,2200.0,Diesel,Manual,12.0,2,-260208.0,1,1,6.6,0
Kia,Sonet,1,87034,2500.0,Diesel,Manual,12.0,0,786316.0,0,0,7.3,1
Hyundai,Verna,0,27555,2200.0,Diesel,Automatic,15.0,0,711749.0,0,0,6.7,0
Hyundai,i20,0,80476,2200.0,Diesel,Automatic,12.0,1,925394.0,1,1,8.0,1
Kia,Seltos,2,118385,2200.0,Hybrid,Automatic,19.0,1,555868.0,0,0,7.5,1
Hyundai,Creta,8,71728,1500.0,Hybrid,Manual,17.0,1,278538.0,0,1,6.9,0
Mercedes,C-Class,2,3375,0.0,Hybrid,Automatic,12.0,0,2065172.0,1,1,8.2,1
Toyota,Camry,6,23865,2000.0,Hybrid,Manual,13.0,1,710664.0,1,1,9.4,1
Hyundai,Venue,1,25339,1500.0,Petrol,Manual,10.0,1,713536.0,1,1,8.2,0
Jaguar,F-Type,5,9155,2000.0,Petrol,Automatic,10.0,2,1069114.0,0,1,9.8,1
Mercedes,GLE,4,17495,2500.0,Hybrid,Automatic,20.0,0,1479167.0,1,1,7.9,0
BMW,Z4,0,105488,2000.0,Diesel,Manual,14.0,1,2366549.0,1,1,8.8,1
Maruti,Vitara Brezza,4,103153,1200.0,Diesel,Manual,14.0,0,584854.0,0,0,8.5,0
Tata,Safari,0,89404,1500.0,Diesel,Automatic,12.0,2,642875.0,0,0,7.2,1
Hyundai,i20,3,51196,1500.0,Petrol,Automatic,18.0,2,492908.0,0,1,6.8,1
Hyundai,i20,8,109024,1200.0,Petrol,Manual,12.0,0,43236.0,0,0,9.0,0
Audi,A4,9,84453,2200.0,Hybrid,Manual,9.0,1,158090.0,1,1,8.5,1
Jaguar,XE,10,54741,1800.0,Diesel,Manual,16.0,1,-98439.0,1,1,8.8,0
BMW,5 Series,4,27395,1800.0,Electric,Manual,0.0,2,1271097.0,0,1,8.0,0
BMW,Z4,9,28757,2000.0,Diesel,Automatic,11.0,0,392969.0,0,1,7.7,0
Mercedes,GLE,3,77239,1200.0,Electric,Manual,0.0,2,1437825.0,1,0,6.7,0
Tata,Harrier,8,26271,2200.0,Electric,Automatic,0.0,1,99456.0,1,1,7.6,1
Maruti,Baleno,0,65342,1200.0,Petrol,Manual,18.0,1,915823.0,0,0,8.7,0
Audi,A6,10,92672,1500.0,Diesel,Manual,9.0,0,-149729.0,1,0,7.7,1
Toyota,Innova,4,39290,2000.0,Petrol,Automatic,20.0,2,915220.0,1,0,6.8,0
Maruti,Baleno,7,40056,1500.0,Petrol,Automatic,20.0,2,15460.0,1,1,7.0,0
Maruti,Swift,0,116884,1500.0,Diesel,Automatic,9.0,0,860754.0,0,1,6.9,0
Honda,Amaze,1,110329,3000.0,Petrol,Manual,19.0,1,1474936.0,1,0,8.0,0
BMW,X1,2,100623,1500.0,Petrol,Automatic,20.0,2,1634803.0,0,1,7.6,1
Tesla,Model Y,8,107445,1200.0,Petrol,Automatic,19.0,1,319954.0,1,0,9.8,1
Hyundai,Creta,5,16757,2500.0,Electric,Automatic,0.0,2,220038.0,0,0,8.6,1
Tesla,Model S,9,86284,2000.0,Diesel,Manual,12.0,2,86761.0,1,0,7.4,0
BMW,3 Series,7,41924,0.0,Diesel,Automatic,17.0,0,700609.0,1,0,8.2,0
Tesla,Model 3,10,110204,2500.0,Petrol,Manual,15.0,1,-117560.0,1,1,8.1,0
Hyundai,Creta,5,59896,1500.0,Hybrid,Automatic,19.0,0,450670.0,1,0,9.9,0
Maruti,Vitara Brezza,1,91089,3000.0,Hybrid,Manual,20.0,0,655628.0,1,0,7.3,0
Jaguar,F-Type,8,61815,0.0,Diesel,Manual,20.0,0,556125.0,1,0,7.2,0
Tesla,Model X,1,95584,3000.0,Petrol,Automatic,12.0,2,1916388.0,1,0,9.2,0
Jaguar,XF,0,114545,2500.0,Hybrid,Manual,9.0,2,2120478.0,1,0,9.0,1
Tata,Nexon,4,43513,2000.0,Electric,Manual,0.0,1,512422.0,0,1,7.4,0
Mercedes,C-Class,5,45316,3000.0,Hybrid,Automatic,16.0,0,1288913.0,0,0,7.5,1
Tesla,Model S,2,70340,2500.0,Electric,Automatic,0.0,1,1893891.0,1,1,7.1,1
Toyota,Fortuner,0,9205,1500.0,Hybrid,Automatic,10.0,2,1216275.0,0,1,9.0,0
Hyundai,Verna,5,88612,1500.0,Diesel,Manual,10.0,2,426611.0,0,1,6.6,1
Toyota,Glanza,8,81819,2000.0,Diesel,Manual,16.0,1,378778.0,0,1,7.2,0
Honda,Amaze,6,100526,0.0,Hybrid,Manual,14.0,0,677673.0,1,1,8.2,0
Maruti,Dzire,2,27183,1500.0,Petrol,Automatic,14.0,2,504647.0,0,1,8.8,0
Tata,Harrier,4,58957,0.0,Electric,Automatic,0.0,1,390601.0,0,1,7.0,0
Jaguar,XF,1,75020,1200.0,Diesel,Manual,12.0,1,2141062.0,1,1,9.7,1
Honda,Jazz,2,109711,2000.0,Electric,Manual,0.0,2,1034757.0,1,1,9.7,1
Toyota,Innova,9,56573,0.0,Petrol,Automatic,11.0,2,130487.0,0,1,7.3,0
Tesla,Model X,0,76329,2500.0,Electric,Manual,0.0,2,2189538.0,0,0,7.5,1
Toyota,Fortuner,5,83494,2200.0,Petrol,Manual,11.0,0,700119.0,0,1,7.5,1
Toyota,Fortuner,9,40140,3000.0,Electric,Manual,0.0,1,17099.0,0,1,9.8,1
Honda,Jazz,3,73182,3000.0,Petrol,Manual,20.0,1,1058413.0,0,0,8.7,0
Tata,Nexon,6,112253,3000.0,Petrol,Manual,13.0,2,210087.0,1,1,8.6,0
Toyota,Glanza,3,11230,3000.0,Petrol,Manual,15.0,1,1118458.0,1,1,7.4,1
Jaguar,XF,7,92870,1200.0,Diesel,Manual,13.0,0,648577.0,1,1,9.0,1
Honda,Jazz,10,70477,3000.0,Electric,Automatic,0.0,1,56742.0,0,1,8.1,0
Honda,Jazz,10,108727,2200.0,Electric,Manual,0.0,0,126690.0,1,1,9.7,0
Toyota,Glanza,3,67325,2200.0,Diesel,Manual,18.0,1,995069.0,1,1,7.7,0
Mercedes,GLE,3,82468,1800.0,Electric,Manual,0.0,0,1886048.0,1,1,9.7,0
Tesla,Model Y,1,73178,1800.0,Hybrid,Manual,16.0,2,1987350.0,0,1,9.4,1
Jaguar,F-Pace,0,92669,1800.0,Petrol,Manual,20.0,0,2386472.0,0,0,9.3,0
Maruti,Swift,1,102866,1500.0,Electric,Automatic,0.0,0,606329.0,0,1,8.3,0
Toyota,Glanza,4,5922,2200.0,Diesel,Manual,19.0,0,799499.0,0,1,8.8,0
Honda,Amaze,1,86088,2000.0,Electric,Manual,0.0,0,1227076.0,0,1,7.9,1
Tesla,Model 3,1,106463,2000.0,Electric,Automatic,0.0,1,1981758.0,1,1,8.6,0
Jaguar,XE,10,10447,1800.0,Diesel,Manual,9.0,2,-88739.0,1,0,6.8,0
Jaguar,F-Type,0,82396,1500.0,Hybrid,Automatic,20.0,2,2318324.0,1,0,9.8,1
Maruti,Vitara Brezza,8,18659,1200.0,Diesel,Automatic,9.0,2,-3569.0,1,1,6.9,0
Kia,Sonet,4,77483,2000.0,Diesel,Manual,9.0,2,311205.0,0,0,8.6,0
Maruti,Baleno,6,86276,1800.0,Diesel,Automatic,15.0,0,227698.0,0,1,8.5,1
Hyundai,i20,5,61156,0.0,Hybrid,Automatic,10.0,2,324981.0,1,0,6.7,1
Kia,Sonet,3,96696,2000.0,Diesel,Manual,15.0,1,445166.0,1,1,9.1,0
Jaguar,XE,4,3871,1200.0,Petrol,Automatic,12.0,0,1650837.0,0,1,6.9,1
Mercedes,C-Class,0,31022,3000.0,Diesel,Automatic,10.0,0,2652569.0,1,1,7.6,0
Maruti,Swift,5,9435,2000.0,Electric,Automatic,0.0,0,318683.0,0,0,9.1,1
Hyundai,Creta,8,105783,2500.0,Petrol,Manual,13.0,0,240452.0,0,0,8.6,0
Tata,Safari,1,38934,3000.0,Hybrid,Manual,17.0,1,671433.0,0,1,7.4,1
Kia,Seltos,3,26480,1200.0,Petrol,Manual,20.0,0,468568.0,1,0,8.9,1
Honda,City,1,30677,3000.0,Petrol,Automatic,16.0,0,1235340.0,0,0,9.8,0
BMW,3 Series,10,82883,2000.0,Diesel,Manual,13.0,1,-124658.0,1,0,8.8,1
Audi,Q3,6,58278,1800.0,Petrol,Manual,13.0,1,921967.0,0,0,9.3,1
Honda,City,8,20769,2500.0,Hybrid,Automatic,13.0,2,275585.0,1,0,7.5,1
Jaguar,XF,8,31220,0.0,Petrol,Manual,11.0,2,118198.0,1,0,7.8,0
Jaguar,F-Type,1,83181,1800.0,Petrol,Manual,13.0,1,2317451.0,0,0,7.5,0
BMW,5 Series,8,8679,1800.0,Diesel,Manual,17.0,2,202887.0,1,0,7.6,0
Toyota,Innova,8,74725,2000.0,Diesel,Automatic,11.0,2,324671.0,0,0,8.4,0
Tata,Nexon,6,19673,1800.0,Hybrid,Manual,10.0,2,277612.0,0,0,6.9,1
Tata,Safari,5,85703,2500.0,Electric,Manual,0.0,2,248268.0,0,1,8.4,0
Toyota,Camry,4,38752,1800.0,Hybrid,Automatic,17.0,2,782198.0,0,0,8.3,1
Tata,Punch,10,49154,0.0,Hybrid,Automatic,19.0,2,-202834.0,1,0,9.6,0
Tata,Safari,3,110083,1800.0,Electric,Automatic,0.0,0,420045.0,0,0,9.8,0
Audi,Q5,10,28932,1800.0,Hybrid,Automatic,16.0,0,26032.0,1,0,9.2,0
Jaguar,XE,10,28104,2000.0,Electric,Automatic,0.0,2,-399017.0,0,0,9.0,0
BMW,Z4,6,15346,1200.0,Hybrid,Manual,18.0,0,1073789.0,0,0,7.9,0
Jaguar,XE,9,5684,1200.0,Hybrid,Automatic,13.0,0,305704.0,0,0,7.0,0
Audi,A6,8,107455,3000.0,Hybrid,Manual,18.0,1,348193.0,1,1,10.0,0
Mercedes,GLE,6,98945,1500.0,Electric,Automatic,0.0,2,654528.0,1,0,9.1,0
Tesla,Model S,0,25423,2200.0,Petrol,Automatic,13.0,1,2384013.0,1,1,9.7,1
Mercedes,C-Class,5,116594,1800.0,Hybrid,Manual,16.0,0,1283496.0,0,0,8.3,1
Maruti,Swift,10,104048,1500.0,Diesel,Manual,17.0,2,77884.0,0,1,6.7,0
BMW,5 Series,7,91984,3000.0,Electric,Automatic,0.0,0,696192.0,0,0,7.0,0
Maruti,Swift,1,19329,2000.0,Petrol,Automatic,17.0,0,776763.0,1,1,7.6,1
Jaguar,F-Pace,1,30629,2000.0,Hybrid,Manual,12.0,2,2108354.0,0,1,9.6,0
Maruti,Swift,9,36471,1800.0,Petrol,Automatic,17.0,2,8692.0,0,1,9.7,1
Audi,A4,4,85539,2000.0,Hybrid,Manual,20.0,1,1475692.0,1,1,8.5,1
BMW,X5,9,18393,2200.0,Diesel,Manual,16.0,1,167832.0,0,0,7.4,1
Maruti,Baleno,4,82464,2000.0,Electric,Manual,0.0,2,551045.0,1,0,9.5,0
Toyota,Glanza,7,38670,2000.0,Petrol,Manual,16.0,1,448067.0,0,0,7.2,0
Kia,Seltos,7,119506,2200.0,Diesel,Manual,15.0,2,149378.0,0,1,8.8,1
Kia,Seltos,5,76874,1500.0,Electric,Manual,0.0,2,247312.0,0,0,7.4,1
Maruti,Baleno,1,87510,2500.0,Petrol,Manual,18.0,0,742724.0,0,1,8.9,0
Honda,Amaze,6,108096,2000.0,Electric,Manual,0.0,2,402787.0,0,1,6.9,0
Hyundai,Verna,3,44055,2500.0,Electric,Manual,0.0,0,600420.0,0,1,6.5,0
Hyundai,i20,5,59861,2500.0,Diesel,Manual,17.0,0,464256.0,0,0,8.9,1
BMW,Z4,1,103946,1500.0,Petrol,Manual,13.0,0,2332966.0,1,1,9.8,0
Toyota,Camry,1,61311,2200.0,Electric,Manual,0.0,2,1229558.0,1,0,8.0,0
Jaguar,F-Type,2,24016,3000.0,Electric,Automatic,0.0,0,2064926.0,1,0,7.0,0
Honda,City,6,85157,3000.0,Hybrid,Automatic,9.0,1,486212.0,1,1,9.1,0
Honda,Jazz,4,32602,3000.0,Diesel,Manual,16.0,2,694548.0,1,1,9.4,1
BMW,5 Series,1,34169,1800.0,Petrol,Automatic,11.0,1,2260971.0,1,0,7.7,1
BMW,Z4,3,93656,1800.0,Hybrid,Manual,15.0,1,1509251.0,0,0,9.6,1
Mercedes,GLE,3,63478,1800.0,Diesel,Manual,17.0,0,1798449.0,1,1,9.4,1
Honda,Jazz,3,35270,1200.0,Electric,Automatic,0.0,0,997389.0,0,1,8.2,0
Audi,Q7,3,3615,1500.0,Electric,Manual,0.0,2,1529492.0,0,1,9.4,0
Kia,Sonet,0,78320,2200.0,Hybrid,Automatic,18.0,1,883564.0,0,0,9.7,0
Kia,Seltos,3,113038,1800.0,Hybrid,Automatic,17.0,1,570596.0,0,0,9.3,0
Tata,Safari,9,36055,2500.0,Petrol,Automatic,15.0,2,132114.0,1,1,6.7,1
Kia,Seltos,5,98667,1500.0,Electric,Manual,0.0,0,429260.0,1,0,7.4,0
Audi,Q7,10,100703,1200.0,Hybrid,Automatic,20.0,0,139270.0,0,0,7.4,0
Audi,Q5,8,94663,1200.0,Electric,Manual,0.0,0,668116.0,0,1,7.4,1
Audi,Q5,3,14187,0.0,Electric,Automatic,0.0,1,1781241.0,1,0,8.7,0
Honda,Amaze,7,29764,1800.0,Diesel,Manual,16.0,0,507801.0,1,1,8.1,0
BMW,Z4,0,108596,1200.0,Electric,Automatic,0.0,1,2562772.0,1,1,7.9,1
BMW,X1,6,6941,1800.0,Diesel,Automatic,17.0,1,912397.0,0,0,9.8,0
Toyota,Innova,8,27018,3000.0,Electric,Automatic,0.0,1,87035.0,1,0,8.2,0
Kia,Sonet,4,26814,2500.0,Electric,Manual,0.0,2,259425.0,0,1,9.1,1
Honda,City,0,54292,1800.0,Electric,Manual,0.0,1,1565671.0,1,1,9.2,1
Tesla,Model 3,9,85394,1200.0,Diesel,Manual,15.0,1,59368.0,1,0,9.6,0
Jaguar,F-Pace,8,96649,1500.0,Diesel,Automatic,10.0,0,694357.0,1,0,8.1,1
Audi,Q7,7,24980,2500.0,Petrol,Manual,11.0,1,786029.0,0,1,8.1,0
Honda,City,7,77385,2200.0,Electric,Manual,0.0,0,490710.0,0,0,9.5,0
BMW,X5,7,50408,1500.0,Hybrid,Automatic,13.0,0,855003.0,1,0,9.0,0
Jaguar,F-Pace,5,12381,2500.0,Hybrid,Automatic,12.0,1,1179354.0,1,1,9.3,1
Maruti,Dzire,2,74544,1800.0,Diesel,Manual,17.0,1,587984.0,1,1,7.1,1
Mercedes,C-Class,3,80242,3000.0,Petrol,Manual,18.0,0,1800113.0,1,0,9.7,0
Toyota,Glanza,9,11225,1200.0,Electric,Automatic,0.0,0,118685.0,1,0,7.7,0
Mercedes,E-Class,3,112250,3000.0,Hybrid,Automatic,11.0,1,1557374.0,0,0,6.7,1
BMW,X5,2,25058,2200.0,Petrol,Automatic,13.0,0,1979486.0,0,0,7.6,1
Tata,Safari,3,8719,1500.0,Electric,Automatic,0.0,1,395936.0,0,0,9.0,1
Tata,Nexon,6,102450,1200.0,Petrol,Manual,11.0,2,150421.0,0,1,8.2,0
BMW,3 Series,8,108019,1200.0,Diesel,Manual,13.0,0,642504.0,1,0,7.9,1
Audi,Q5,10,12540,1200.0,Hybrid,Automatic,12.0,2,-376302.0,1,0,7.1,0
Audi,A4,0,119763,0.0,Hybrid,Manual,9.0,0,2519062.0,0,1,9.3,0
Audi,Q3,5,111951,2200.0,Petrol,Automatic,20.0,1,1302193.0,0,0,9.6,0
Jaguar,XF,6,108104,0.0,Petrol,Manual,15.0,0,1049796.0,0,1,7.0,1
Honda,Jazz,1,76503,1500.0,Hybrid,Manual,19.0,0,1270277.0,0,0,8.2,0
Toyota,Fortuner,2,18466,1800.0,Electric,Manual,0.0,0,1360666.0,0,0,6.8,0
Jaguar,XF,10,83186,0.0,Electric,Automatic,0.0,0,-118448.0,0,1,9.6,0
Tesla,Model X,2,7023,3000.0,Diesel,Manual,11.0,2,1788152.0,1,0,8.0,0
Jaguar,XF,8,18284,1200.0,Petrol,Manual,13.0,1,449480.0,1,0,8.7,0
BMW,X1,0,81331,2500.0,Diesel,Manual,14.0,1,2267334.0,0,0,8.7,0
Tesla,Model Y,1,55628,3000.0,Petrol,Automatic,19.0,0,2156203.0,1,0,9.6,1
Hyundai,Creta,10,36078,2500.0,Electric,Automatic,0.0,1,-51684.0,1,0,8.4,0
Kia,Carens,0,30350,2500.0,Petrol,Automatic,9.0,2,907230.0,0,1,7.8,1
Kia,Carens,3,104293,2000.0,Electric,Automatic,0.0,1,681750.0,0,0,9.7,1
Mercedes,GLE,2,34700,1800.0,Petrol,Automatic,19.0,1,1852717.0,0,0,7.1,0
